First name,Last name,Uni ID,Institution,Department,Email address,Groups,Assignment: Assignment 1 (SQL): Marks and Feedback (Real),Assignment: Assignment 2 (Database Theory): Marks and Feedback (Real),Quiz: NoSQL Test (Real),Total marks for quizzes (Real),Lab activities (Lab 1-8) (Real),Final Exam (Real),"Quiz: Quiz for Week 2 (deadline: 11:59pm, Aug 1, Tuesday) (Real)","Quiz: Quiz for Week 3 (deadline 23:59, August 8, Tuesday) (Real)","Quiz: Quiz for Week 4 (deadline: 11:59pm, August 15, Tuesday) (Real)","Quiz: Quiz for Week 5 (deadline: 11:59pm, 22 August, Tuesday) (Real)","Quiz: Quiz for Week 6 (deadline: 11:59pm, 29 August, Tuesday) (Real)","Quiz: Quiz for Week 7 (deadline: 11:59pm, 19 September, Tuesday) (Real)","Quiz: Quiz for Week 8 (deadline 11:59pm, 26 September, Tuesday) (Real)","Quiz: Quiz for Week 9 (deadline: 23:59, 3 October, Tuesday) (Real)","Quiz: Quiz for Week 10 (deadline: 11:59pm, October 10, Tuesday) (Real)","Quiz: Quiz for Week 11 (deadline: 11:59pm, 17 October, Tuesday) (Real)",Attendance: Lab Engagement (Real),Attendance: Lab 8 Engagement (Real),Quiz: DA/PX Exam (Real),Course total (Real),Last downloaded from this course
XBSZBU,HKRZZZ,u2400001,,,u2400001@anu.edu.au,[MyTT] ComA/19 (Classes 7460/7511);[MyTT] LecB/01 (Classes 7460/7511),-,-,-,-,-,-,0.3,0.5,-,-,-,-,-,-,-,-,114.3,-,-,-,1710372712
QQQOSD,UEAEBX,u2400002,,,u2400002@anu.edu.au,[MyTT] ComA/18 (Classes 7460/7511);[MyTT] LecB/01 (Classes 7460/7511),-,-,-,-,-,-,-,-,0.2,-,-,-,-,-,-,-,116.5,-,-,-,1710372712
UITIEJ,URIXPN,u2400003,,,u2400003@anu.edu.au,[MyTT] ComA/03 (Classes 7460/7511);[MyTT] LecB/01 (Classes 7460/7511);Lab 8 Option 2 (02) Mon Oct 16 12:00 - 14:00 (HN 1.24),-,-,-,-,-,-,0.5,0.5,0.4,-,-,-,-,-,-,-,114.3,-,-,-,1710372712
KFDWRC,BGIRAO,u2400004,,,u2400004@anu.edu.au,[MyTT] LecB/01 (Classes 7460/7511);[MyTT] ComA/23 (Classes 7460/7511),-,-,-,-,-,-,0.4,0.5,0.3,-,-,-,-,-,-,-,114.1,-,-,-,1710372712
DXNLUM,UZREIK,u2400005,,,u2400005@anu.edu.au,[MyTT] ComA/12 (Classes 7460/7511);[MyTT] LecB/01 (Classes 7460/7511);Supplementary and Deferred Exam,-,-,-,-,-,-,0.5,0.6,0.5,-,-,-,-,-,-,-,104.1,-,-,-,1710372713
QCATGW,MGINXQ,u2400006,,,u2400006@anu.edu.au,[MyTT] ComA/01 (Classes 7460/7511);[MyTT] LecB/01 (Classes 7460/7511),-,-,-,-,-,-,0.6,0.5,0.5,-,-,-,-,-,-,-,104.5,-,-,-,1710372713
UBUJZH,IXRSBB,u2400007,,,u2400007@anu.edu.au,[MyTT] ComA/02 (Classes 7460/7511);[MyTT] LecB/01 (Classes 7460/7511),-,-,-,-,-,-,0.2,0.5,0.5,-,-,-,-,-,-,-,102,-,-,-,1710372713
UDNAGT,CPADPC,u2400008,,,u2400008@anu.edu.au,[MyTT] ComA/10 (Classes 7460/7511);[MyTT] LecB/01 (Classes 7460/7511);Lab 8 Option 1 (01) Wed Oct 11 16:00 - 18:00 (CSIT N115/N116);Supplementary and Deferred Exam;Remote,-,-,-,-,-,-,0.6,0.6,0.5,-,-,-,-,-,-,-,116.3,-,-,-,1710372713
ZKQAIO,OFQFJG,u2400009,,,u2400009@anu.edu.au,[MyTT] ComA/14 (Classes 7460/7511);[MyTT] LecB/01 (Classes 7460/7511),-,-,-,-,-,-,0.6,0.5,0.6,-,-,-,-,-,-,-,107.1,-,-,-,1710372713
SHAQBQ,RIUKUB,u2400010,,,u2400010@anu.edu.au,[MyTT] ComA/12 (Classes 7460/7511);[MyTT] LecB/01 (Classes 7460/7511),-,-,-,-,-,-,-,-,-,-,-,-,-,-,-,-,-,-,-,-,1710372713
DWLTZI,XXBKAW,u2400011,,,u2400011@anu.edu.au,[MyTT] LecB/01 (Classes 7460/7511);[MyTT] ComA/25 (Classes 7460/7511),-,-,-,-,-,-,0.4,0.5,0.5,-,-,-,-,-,-,-,116.6,-,-,-,1710372713
SEGWUN,QPIPBX,u2400012,,,u2400012@anu.edu.au,[MyTT] ComA/12 (Classes 7460/7511);[MyTT] LecB/01 (Classes 7460/7511),-,-,-,-,-,-,0.5,0.5,0.6,-,-,-,-,-,-,-,103.8,-,-,-,1710372713
MLDMOF,XDIYTE,u2400013,,,u2400013@anu.edu.au,[MyTT] LecB/01 (Classes 7460/7511);[MyTT] ComA/22 (Classes 7460/7511);Lab 8 Option 1 (01) Wed Oct 11 16:00 - 18:00 (CSIT N115/N116);Supplementary and Deferred Exam,-,-,-,-,-,-,0.5,0.3,-,-,-,-,-,-,-,-,109.7,-,-,-,1710372713
NNCDHU,ZFWZYB,u2400014,,,u2400014@anu.edu.au,[MyTT] ComA/09 (Classes 7460/7511);[MyTT] LecB/01 (Classes 7460/7511),-,-,-,-,-,-,0.5,0.5,0.4,-,-,-,-,-,-,-,105.1,-,-,-,1710372713
BMTMHM,VHHCLN,u2400015,,,u2400015@anu.edu.au,[MyTT] ComA/19 (Classes 7460/7511);[MyTT] LecB/01 (Classes 7460/7511),-,-,-,-,-,-,0.5,0.5,0.4,-,-,-,-,-,-,-,105.1,-,-,-,1710372713
RCZPQX,ODUIHS,u2400016,,,u2400016@anu.edu.au,[MyTT] ComA/17 (Classes 7460/7511);[MyTT] LecB/01 (Classes 7460/7511),-,-,-,-,-,-,0.4,0.6,0.6,-,-,-,-,-,-,-,103.9,-,-,-,1710372713
GADDMD,WWYYIZ,u2400017,,,u2400017@anu.edu.au,[MyTT] ComA/17 (Classes 7460/7511);[MyTT] LecB/01 (Classes 7460/7511),-,-,-,-,-,-,0.5,0.5,0.4,-,-,-,-,-,-,-,111.2,-,-,-,1710372713
TPVKXJ,DGOFYD,u2400018,,,u2400018@anu.edu.au,[MyTT] ComA/04 (Classes 7460/7511);[MyTT] LecB/01 (Classes 7460/7511);Lab 8 Option 1 (01) Wed Oct 11 16:00 - 18:00 (CSIT N115/N116),-,-,-,-,-,-,0.4,0.5,0.6,-,-,-,-,-,-,-,-,-,-,-,1710372713
IMAXDO,QEIRIX,u2400019,,,u2400019@anu.edu.au,[MyTT] ComA/18 (Classes 7460/7511);[MyTT] LecB/01 (Classes 7460/7511),-,-,-,-,-,-,0.6,0.5,0.5,-,-,-,-,-,-,-,108.6,-,-,-,1710372713
KYYDLJ,MNRXOT,u2400020,,,u2400020@anu.edu.au,[MyTT] ComA/10 (Classes 7460/7511);[MyTT] LecB/01 (Classes 7460/7511),-,-,-,-,-,-,0.2,0.5,0.3,-,-,-,-,-,-,-,0,-,-,-,1710372713
DWKTFC,RGGSFD,u2400021,,,u2400021@anu.edu.au,[MyTT] ComA/01 (Classes 7460/7511);[MyTT] LecB/01 (Classes 7460/7511),-,-,-,-,-,-,0.5,0.5,0.4,-,-,-,-,-,-,-,0,-,-,-,1710372713
MZETXS,WOBRPW,u2400022,,,u2400022@anu.edu.au,[MyTT] LecB/01 (Classes 7460/7511);[MyTT] ComA/24 (Classes 7460/7511),-,-,-,-,-,-,0.4,0.6,0.6,-,-,-,-,-,-,-,118.3,-,-,-,1710372713
COTZTL,WPZZGI,u2400023,,,u2400023@anu.edu.au,[MyTT] ComA/12 (Classes 7460/7511);[MyTT] LecB/01 (Classes 7460/7511),-,-,-,-,-,-,0.6,0.6,0.6,-,-,-,-,-,-,-,107.5,-,-,-,1710372713
YJTFOJ,CIQVXN,u2400024,,,u2400024@anu.edu.au,[MyTT] ComA/04 (Classes 7460/7511);[MyTT] LecB/01 (Classes 7460/7511),-,-,-,-,-,-,0.4,0.6,0.6,-,-,-,-,-,-,-,111.2,-,-,-,1710372713
ZUBIJG,RFXWGE,u2400025,,,u2400025@anu.edu.au,[MyTT] ComA/14 (Classes 7460/7511);[MyTT] LecB/01 (Classes 7460/7511);Supplementary and Deferred Exam,-,-,-,-,-,-,0.4,0.6,0.6,-,-,-,-,-,-,-,113.7,-,-,-,1710372713
DAGASQ,JDQMHM,u2400026,,,u2400026@anu.edu.au,[MyTT] ComA/03 (Classes 7460/7511);[MyTT] LecB/01 (Classes 7460/7511),-,-,-,-,-,-,0.4,0.4,0.1,-,-,-,-,-,-,-,119.2,-,-,-,1710372713
VAZAGE,KCLEBW,u2400027,,,u2400027@anu.edu.au,[MyTT] ComA/17 (Classes 7460/7511);[MyTT] LecB/01 (Classes 7460/7511),-,-,-,-,-,-,0.3,0.5,0.6,-,-,-,-,-,-,-,114.1,-,-,-,1710372713
RHEXEG,HKBFIE,u2400028,,,u2400028@anu.edu.au,[MyTT] ComA/11 (Classes 7460/7511);[MyTT] LecB/01 (Classes 7460/7511),-,-,-,-,-,-,0.6,0.6,0.4,-,-,-,-,-,-,-,100.5,-,-,-,1710372713
YYESOS,VJZUUJ,u2400029,,,u2400029@anu.edu.au,[MyTT] ComA/02 (Classes 7460/7511);[MyTT] LecB/01 (Classes 7460/7511),-,-,-,-,-,-,0.5,-,0.3,-,-,-,-,-,-,-,106.1,-,-,-,1710372713
FCFVLV,DEXGYX,u2400030,,,u2400030@anu.edu.au,[MyTT] ComA/18 (Classes 7460/7511);[MyTT] LecB/01 (Classes 7460/7511),-,-,-,-,-,-,0.5,-,-,-,-,-,-,-,-,-,0,-,-,-,1710372713
TDHEMT,PJWGLX,u2400031,,,u2400031@anu.edu.au,[MyTT] ComA/07 (Classes 7460/7511);[MyTT] LecB/01 (Classes 7460/7511),-,-,-,-,-,-,0.3,0.4,0.6,-,-,-,-,-,-,-,107.3,-,-,-,1710372713
LSNWVL,HASVFL,u2400032,,,u2400032@anu.edu.au,[MyTT] ComA/18 (Classes 7460/7511);[MyTT] LecB/01 (Classes 7460/7511),-,-,-,-,-,-,-,0.6,-,-,-,-,-,-,-,-,109.1,-,-,-,1710372713
HSDYBX,WXKPKB,u2400033,,,u2400033@anu.edu.au,[MyTT] LecB/01 (Classes 7460/7511);[MyTT] ComA/23 (Classes 7460/7511),-,-,-,-,-,-,0,0.4,0.3,-,-,-,-,-,-,-,118.9,-,-,-,1710372713
USBSWE,KSBSGE,u2400034,,,u2400034@anu.edu.au,[MyTT] ComA/17 (Classes 7460/7511);[MyTT] LecB/01 (Classes 7460/7511),-,-,-,-,-,-,0.5,0.5,-,-,-,-,-,-,-,-,108.3,-,-,-,1710372713
GGHAJK,TVOZUG,u2400035,,,u2400035@anu.edu.au,[MyTT] ComA/07 (Classes 7460/7511);[MyTT] LecB/01 (Classes 7460/7511),-,-,-,-,-,-,-,-,-,-,-,-,-,-,-,-,-,-,-,-,1710372713
DNOOYB,RIOTFI,u2400036,,,u2400036@anu.edu.au,[MyTT] ComA/02 (Classes 7460/7511);[MyTT] LecB/01 (Classes 7460/7511),-,-,-,-,-,-,-,0.5,-,-,-,-,-,-,-,-,118,-,-,-,1710372713
PCQVGF,WMMSGM,u2400037,,,u2400037@anu.edu.au,[MyTT] LecB/01 (Classes 7460/7511);[MyTT] ComA/22 (Classes 7460/7511),-,-,-,-,-,-,0.4,0.5,0.5,-,-,-,-,-,-,-,110,-,-,-,1710372713
RGZTQO,OBDRGJ,u2400038,,,u2400038@anu.edu.au,[MyTT] ComA/09 (Classes 7460/7511);[MyTT] LecB/01 (Classes 7460/7511),-,-,-,-,-,-,0.5,0.6,0.6,-,-,-,-,-,-,-,117.7,-,-,-,1710372713
WVBZHX,ZUUOCO,u2400039,,,u2400039@anu.edu.au,[MyTT] LecB/01 (Classes 7460/7511);[MyTT] ComA/23 (Classes 7460/7511),-,-,-,-,-,-,0.2,-,-,-,-,-,-,-,-,-,114.5,-,-,-,1710372713
AUGGHI,NBGWRF,u2400040,ANU,Student something,u2400040@anu.edu.au,[MyTT] LecB/01 (Classes 7460/7511);[MyTT] ComA/21 (Classes 7460/7511);Lab 8 Option 1 (02) Mon Oct 16 14:00 - 16:00 (HN 1.24),-,-,-,-,-,-,0.5,0.5,0.4,-,-,-,-,-,-,-,116.1,-,-,-,1710372713
HTGQGF,JYPADY,u2400041,,,u2400041@anu.edu.au,[MyTT] ComA/02 (Classes 7460/7511);[MyTT] LecB/01 (Classes 7460/7511),-,-,-,-,-,-,0.6,0.6,0.5,-,-,-,-,-,-,-,103.5,-,-,-,1710372713
MBEKNC,DJPOON,u2400042,,,u2400042@anu.edu.au,[MyTT] ComA/05 (Classes 7460/7511);[MyTT] LecB/01 (Classes 7460/7511);Lab 8 Option 1 (01) Wed Oct 11 16:00 - 18:00 (CSIT N115/N116);Lab 8 Option 3 (01) Thu Oct 12 18:00 - 20:00 (HN 1.24);Lab 8 Option 3 (02) Mon Oct 16 16:00 - 18:00 (HN 1.24);Supplementary and Deferred Exam,-,-,-,-,-,-,0.5,0.5,0.5,-,-,-,-,-,-,-,102.4,-,-,-,1710372713
JEMWHC,VFSBGX,u2400043,,,u2400043@anu.edu.au,[MyTT] ComA/05 (Classes 7460/7511);[MyTT] LecB/01 (Classes 7460/7511);Lab 8 Option 1 (01) Wed Oct 11 16:00 - 18:00 (CSIT N115/N116),-,-,-,-,-,-,0.4,0.6,0.4,-,-,-,-,-,-,-,108.1,-,-,-,1710372713
NPGOZK,WLUCEV,u2400044,,,u2400044@anu.edu.au,[MyTT] ComA/08 (Classes 7460/7511);[MyTT] LecB/01 (Classes 7460/7511);Lab 8 Option 3 (02) Mon Oct 16 16:00 - 18:00 (HN 1.24),-,-,-,-,-,-,-,0.5,-,-,-,-,-,-,-,-,0,-,-,-,1710372713
MNJRGN,MAURPL,u2400045,,,u2400045@anu.edu.au,[MyTT] LecB/01 (Classes 7460/7511);[MyTT] ComA/24 (Classes 7460/7511),-,-,-,-,-,-,0.4,0.6,0.6,-,-,-,-,-,-,-,106,-,-,-,1710372713
BSOYGN,UBBFUT,u2400046,,,u2400046@anu.edu.au,[MyTT] ComA/03 (Classes 7460/7511);[MyTT] LecB/01 (Classes 7460/7511),-,-,-,-,-,-,0.2,-,-,-,-,-,-,-,-,-,72.4,-,-,-,1710372713
YTGPDI,ODSKFR,u2400047,,,u2400047@anu.edu.au,[MyTT] LecB/01 (Classes 7460/7511);[MyTT] ComA/22 (Classes 7460/7511),-,-,-,-,-,-,0.4,0.6,0.4,-,-,-,-,-,-,-,105.3,-,-,-,1710372713
HGALOU,VSNTPY,u2400048,,,u2400048@anu.edu.au,[MyTT] ComA/06 (Classes 7460/7511);[MyTT] LecB/01 (Classes 7460/7511),-,-,-,-,-,-,0.5,0.6,0.5,-,-,-,-,-,-,-,102.6,-,-,-,1710372713
JSRVZW,CSTLMB,u2400049,,,u2400049@anu.edu.au,[MyTT] ComA/07 (Classes 7460/7511);[MyTT] LecB/01 (Classes 7460/7511);Lab 8 Option 1 (02) Mon Oct 16 14:00 - 16:00 (HN 1.24),-,-,-,-,-,-,0.2,0.5,0.3,-,-,-,-,-,-,-,118.2,-,-,-,1710372713
CMHSEI,WYDMBO,u2400050,,,u2400050@anu.edu.au,[MyTT] ComA/20 (Classes 7460/7511);[MyTT] LecB/01 (Classes 7460/7511),-,-,-,-,-,-,0.5,0.6,0.5,-,-,-,-,-,-,-,102.4,-,-,-,1710372713
YQEKRN,MZPDKR,u2400051,,,u2400051@anu.edu.au,[MyTT] ComA/16 (Classes 7460/7511);[MyTT] LecB/01 (Classes 7460/7511),-,-,-,-,-,-,0.5,-,0.3,-,-,-,-,-,-,-,116.2,-,-,-,1710372713
TXUHRW,HDXAUM,u2400052,,,u2400052@anu.edu.au,[MyTT] ComA/17 (Classes 7460/7511);[MyTT] LecB/01 (Classes 7460/7511),-,-,-,-,-,-,-,-,-,-,-,-,-,-,-,-,-,-,-,-,1710372713
HGXBWF,AOAZZX,u2400053,,,u2400053@anu.edu.au,[MyTT] ComA/07 (Classes 7460/7511);[MyTT] LecB/01 (Classes 7460/7511);Supplementary and Deferred Exam,-,-,-,-,-,-,0.4,0.6,0.6,-,-,-,-,-,-,-,116.3,-,-,-,1710372713
FBAUEK,NANUGJ,u2400054,,,u2400054@anu.edu.au,[MyTT] ComA/14 (Classes 7460/7511);[MyTT] LecB/01 (Classes 7460/7511);Lab 8 Option 1 (01) Wed Oct 11 16:00 - 18:00 (CSIT N115/N116),-,-,-,-,-,-,0.4,0.5,0.6,-,-,-,-,-,-,-,104.1,-,-,-,1710372713
WHDIKY,LKPGYZ,u2400055,,,u2400055@anu.edu.au,[MyTT] ComA/13 (Classes 7460/7511);[MyTT] LecB/01 (Classes 7460/7511),-,-,-,-,-,-,0.6,0.4,0.6,-,-,-,-,-,-,-,116.3,-,-,-,1710372713
XMUQWJ,FOMAXK,u2400056,,,u2400056@anu.edu.au,[MyTT] LecB/01 (Classes 7460/7511);[MyTT] ComA/01 (Classes 7460/7511),-,-,-,-,-,-,0.6,0.5,0.5,-,-,-,-,-,-,-,104.5,-,-,-,1710372713
CTRYCN,UUSTNI,u2400057,,,u2400057@anu.edu.au,[MyTT] ComA/19 (Classes 7460/7511);[MyTT] LecB/01 (Classes 7460/7511);Lab 8 Option 3 (01) Thu Oct 12 18:00 - 20:00 (HN 1.24),-,-,-,-,-,-,0.3,0.6,0.4,-,-,-,-,-,-,-,119.4,-,-,-,1710372713
GXCJSO,QWGBTZ,u2400058,,,u2400058@anu.edu.au,[MyTT] ComA/06 (Classes 7460/7511);[MyTT] LecB/01 (Classes 7460/7511),-,-,-,-,-,-,0.3,0.3,0.5,-,-,-,-,-,-,-,102.5,-,-,-,1710372713
DQDLMG,EDKWUP,u2400059,,,u2400059@anu.edu.au,[MyTT] ComA/19 (Classes 7460/7511);[MyTT] LecB/01 (Classes 7460/7511),-,-,-,-,-,-,0.4,0.4,0.3,-,-,-,-,-,-,-,112.7,-,-,-,1710372713
XJPMBG,TMBTAJ,u2400060,,,u2400060@anu.edu.au,[MyTT] ComA/14 (Classes 7460/7511);[MyTT] LecB/01 (Classes 7460/7511),-,-,-,-,-,-,0.5,0.6,0.6,-,-,-,-,-,-,-,106.1,-,-,-,1710372713
KMSBMW,WWFDWM,u2400061,,,u2400061@anu.edu.au,[MyTT] ComA/19 (Classes 7460/7511);[MyTT] LecB/01 (Classes 7460/7511),-,-,-,-,-,-,0.3,0.4,0.4,-,-,-,-,-,-,-,115.6,-,-,-,1710372713
MBDHFB,NLJAAE,u2400062,,,u2400062@anu.edu.au,[MyTT] ComA/05 (Classes 7460/7511);[MyTT] LecB/01 (Classes 7460/7511),-,-,-,-,-,-,-,0.5,0.6,-,-,-,-,-,-,-,107.5,-,-,-,1710372713
RMXESO,XOAUYJ,u2400063,,,u2400063@anu.edu.au,[MyTT] ComA/13 (Classes 7460/7511);[MyTT] LecB/01 (Classes 7460/7511),-,-,-,-,-,-,0.6,0.5,0.3,-,-,-,-,-,-,-,0,-,-,-,1710372713
BBALWM,EGRQGW,u2400064,,,u2400064@anu.edu.au,[MyTT] ComA/03 (Classes 7460/7511);[MyTT] LecB/01 (Classes 7460/7511),-,-,-,-,-,-,0.6,0.4,0.4,-,-,-,-,-,-,-,108.6,-,-,-,1710372713
QCHEXO,JENRRU,u2400065,,,u2400065@anu.edu.au,[MyTT] ComA/12 (Classes 7460/7511);[MyTT] LecB/01 (Classes 7460/7511);Supplementary and Deferred Exam,-,-,-,-,-,-,0.6,0.5,0.4,-,-,-,-,-,-,-,102.3,-,-,-,1710372713
TUCVGD,BRZQHV,u2400066,,,u2400066@anu.edu.au,[MyTT] ComA/04 (Classes 7460/7511);[MyTT] LecB/01 (Classes 7460/7511);Lab 8 Option 2 (02) Mon Oct 16 12:00 - 14:00 (HN 1.24),-,-,-,-,-,-,0.3,0.5,0.6,-,-,-,-,-,-,-,117.4,-,-,-,1710372713
IXBJMI,THQTDF,u2400067,,,u2400067@anu.edu.au,[MyTT] ComA/19 (Classes 7460/7511);[MyTT] LecB/01 (Classes 7460/7511),-,-,-,-,-,-,0.6,0.6,0.5,-,-,-,-,-,-,-,110.2,-,-,-,1710372713
XCJRUW,IDRTOW,u2400068,,,u2400068@anu.edu.au,[MyTT] ComA/05 (Classes 7460/7511);[MyTT] LecB/01 (Classes 7460/7511),-,-,-,-,-,-,0.5,0.6,0.4,-,-,-,-,-,-,-,107.6,-,-,-,1710372713
ECOHAN,FUYMXZ,u2400069,,,u2400069@anu.edu.au,[MyTT] LecB/01 (Classes 7460/7511);[MyTT] ComA/23 (Classes 7460/7511),-,-,-,-,-,-,0.4,0.5,0.3,-,-,-,-,-,-,-,100.6,-,-,-,1710372713
AAQVSD,FMIGLA,u2400070,,,u2400070@anu.edu.au,[MyTT] ComA/06 (Classes 7460/7511);[MyTT] LecB/01 (Classes 7460/7511),-,-,-,-,-,-,0.5,0.6,-,-,-,-,-,-,-,-,0,-,-,-,1710372713
NPPIZR,RSTDMG,u2400071,,,u2400071@anu.edu.au,[MyTT] ComA/18 (Classes 7460/7511);[MyTT] LecB/01 (Classes 7460/7511);Lab 8 Option 3 (02) Mon Oct 16 16:00 - 18:00 (HN 1.24),-,-,-,-,-,-,0.5,0.6,0.4,-,-,-,-,-,-,-,102.9,-,-,-,1710372713
LLNURH,TOTYVT,u2400072,,,u2400072@anu.edu.au,[MyTT] ComA/19 (Classes 7460/7511);[MyTT] LecB/01 (Classes 7460/7511);Supplementary and Deferred Exam,-,-,-,-,-,-,-,-,-,-,-,-,-,-,-,-,-,-,-,-,1710372713
NOBBRF,JLHBVH,u2400073,,,u2400073@anu.edu.au,[MyTT] LecB/01 (Classes 7460/7511);[MyTT] ComA/24 (Classes 7460/7511),-,-,-,-,-,-,0.3,-,0.6,-,-,-,-,-,-,-,104.1,-,-,-,1710372713
BFPURT,COTOGH,u2400074,,,u2400074@anu.edu.au,[MyTT] ComA/16 (Classes 7460/7511);[MyTT] LecB/01 (Classes 7460/7511),-,-,-,-,-,-,0.5,0.4,0.4,-,-,-,-,-,-,-,112,-,-,-,1710372713
CYMNBN,CGFJVG,u2400075,,,u2400075@anu.edu.au,[MyTT] ComA/13 (Classes 7460/7511);[MyTT] LecB/01 (Classes 7460/7511),-,-,-,-,-,-,0.2,0.6,0.3,-,-,-,-,-,-,-,101.1,-,-,-,1710372713
EAJPQW,MUEEZY,u2400076,,,u2400076@anu.edu.au,[MyTT] ComA/13 (Classes 7460/7511);[MyTT] LecB/01 (Classes 7460/7511),-,-,-,-,-,-,0.6,0.6,0.5,-,-,-,-,-,-,-,-,-,-,-,1710372713
DVFMZX,DYEAYZ,u2400077,,,u2400077@anu.edu.au,[MyTT] LecB/01 (Classes 7460/7511);[MyTT] ComA/24 (Classes 7460/7511),-,-,-,-,-,-,0.6,0.5,0.5,-,-,-,-,-,-,-,104.8,-,-,-,1710372713
XADUGN,CQTUEY,u2400078,,,u2400078@anu.edu.au,[MyTT] ComA/11 (Classes 7460/7511);[MyTT] LecB/01 (Classes 7460/7511),-,-,-,-,-,-,0.5,0.6,0.4,-,-,-,-,-,-,-,106.7,-,-,-,1710372713
HYXSVX,CKDJRZ,u2400079,,,u2400079@anu.edu.au,[MyTT] ComA/14 (Classes 7460/7511);[MyTT] LecB/01 (Classes 7460/7511),-,-,-,-,-,-,0.3,0.4,0.3,-,-,-,-,-,-,-,104.9,-,-,-,1710372713
RDEASI,IPFLST,u2400080,,,u2400080@anu.edu.au,[MyTT] ComA/18 (Classes 7460/7511);[MyTT] LecB/01 (Classes 7460/7511);Lab 8 Option 2 (01) Tue Oct 10 8:00 - 10:00 (CSIT N115/N116),-,-,-,-,-,-,0.5,0.6,0.4,-,-,-,-,-,-,-,101.9,-,-,-,1710372713
YGJLMO,SQOVQG,u2400081,,,u2400081@anu.edu.au,[MyTT] LecB/01 (Classes 7460/7511);[MyTT] ComA/24 (Classes 7460/7511);Lab 8 Option 1 (01) Wed Oct 11 16:00 - 18:00 (CSIT N115/N116),-,-,-,-,-,-,0.3,0.5,0.4,-,-,-,-,-,-,-,-,-,-,-,1710372713
HWCNDB,QESZJI,u2400082,,,u2400082@anu.edu.au,[MyTT] LecB/01 (Classes 7460/7511);[MyTT] ComA/25 (Classes 7460/7511),-,-,-,-,-,-,0.3,0.4,0.4,-,-,-,-,-,-,-,114.3,-,-,-,1710372713
QKLFBD,MAPHHR,u2400083,,,u2400083@anu.edu.au,[MyTT] LecB/01 (Classes 7460/7511);[MyTT] ComA/23 (Classes 7460/7511);Lab 8 Option 3 (01) Thu Oct 12 18:00 - 20:00 (HN 1.24),-,-,-,-,-,-,0.4,0.5,0.5,-,-,-,-,-,-,-,105.6,-,-,-,1710372713
CREQFN,APOJFT,u2400084,,,u2400084@anu.edu.au,[MyTT] ComA/18 (Classes 7460/7511);[MyTT] LecB/01 (Classes 7460/7511);Lab 8 Option 3 (01) Thu Oct 12 18:00 - 20:00 (HN 1.24),-,-,-,-,-,-,0.6,0.4,0.4,-,-,-,-,-,-,-,-,-,-,-,1710372713
OFPVDA,QNEGLZ,u2400085,,,u2400085@anu.edu.au,[MyTT] ComA/08 (Classes 7460/7511);[MyTT] LecB/01 (Classes 7460/7511);Lab 8 Option 1 (01) Wed Oct 11 16:00 - 18:00 (CSIT N115/N116);Lab 8 Option 3 (02) Mon Oct 16 16:00 - 18:00 (HN 1.24),-,-,-,-,-,-,0.6,0.5,0.6,-,-,-,-,-,-,-,113.5,-,-,-,1710372713
YUBHVP,AYWUHS,u2400086,,,u2400086@anu.edu.au,[MyTT] ComA/14 (Classes 7460/7511);[MyTT] LecB/01 (Classes 7460/7511),-,-,-,-,-,-,0.2,0.5,0.4,-,-,-,-,-,-,-,-,-,-,-,1710372713
JZOZIP,QJWSEC,u2400087,,,u2400087@anu.edu.au,[MyTT] LecB/01 (Classes 7460/7511);[MyTT] ComA/23 (Classes 7460/7511),-,-,-,-,-,-,0.5,0.5,0.5,-,-,-,-,-,-,-,110.8,-,-,-,1710372713
MHOBJZ,IYEVQJ,u2400088,,,u2400088@anu.edu.au,[MyTT] ComA/04 (Classes 7460/7511);[MyTT] LecB/01 (Classes 7460/7511),-,-,-,-,-,-,0.4,0.5,0.6,-,-,-,-,-,-,-,102.9,-,-,-,1710372713
WWGKUV,QFKKLW,u2400089,,,u2400089@anu.edu.au,[MyTT] LecB/01 (Classes 7460/7511);[MyTT] ComA/25 (Classes 7460/7511);Lab 8 Option 3 (02) Mon Oct 16 16:00 - 18:00 (HN 1.24),-,-,-,-,-,-,0.4,0.4,0.4,-,-,-,-,-,-,-,100,-,-,-,1710372713
GYRYXW,GBCSTX,u2400090,,,u2400090@anu.edu.au,[MyTT] ComA/09 (Classes 7460/7511);[MyTT] LecB/01 (Classes 7460/7511);Lab 8 Option 2 (02) Mon Oct 16 12:00 - 14:00 (HN 1.24),-,-,-,-,-,-,0.5,0.6,0.5,-,-,-,-,-,-,-,100.4,-,-,-,1710372713
QRLRTB,PMDMIA,u2400091,,,u2400091@anu.edu.au,[MyTT] ComA/10 (Classes 7460/7511);[MyTT] LecB/01 (Classes 7460/7511);Lab 8 Option 2 (01) Tue Oct 10 8:00 - 10:00 (CSIT N115/N116),-,-,-,-,-,-,0.6,0.6,0.6,-,-,-,-,-,-,-,116.5,-,-,-,1710372713
HOFMVF,HWRXUR,u2400092,,,u2400092@anu.edu.au,[MyTT] ComA/09 (Classes 7460/7511);[MyTT] LecB/01 (Classes 7460/7511),-,-,-,-,-,-,0.5,0.5,0.4,-,-,-,-,-,-,-,115.8,-,-,-,1710372713
IHPLYV,DFBHEW,u2400093,,,u2400093@anu.edu.au,[MyTT] ComA/18 (Classes 7460/7511);[MyTT] LecB/01 (Classes 7460/7511),-,-,-,-,-,-,0.3,0.6,0.3,-,-,-,-,-,-,-,117.3,-,-,-,1710372713
ZGRWAN,LSHDDZ,u2400094,,,u2400094@anu.edu.au,[MyTT] LecB/01 (Classes 7460/7511);[MyTT] ComA/21 (Classes 7460/7511),-,-,-,-,-,-,0.4,0.5,0.4,-,-,-,-,-,-,-,101.6,-,-,-,1710372713
TWJLIZ,IFETFF,u2400095,,,u2400095@anu.edu.au,[MyTT] ComA/19 (Classes 7460/7511);[MyTT] LecB/01 (Classes 7460/7511),-,-,-,-,-,-,0.5,0.6,0.5,-,-,-,-,-,-,-,111.3,-,-,-,1710372713
UDBTXU,EKLQNI,u2400096,,,u2400096@anu.edu.au,[MyTT] ComA/13 (Classes 7460/7511);[MyTT] LecB/01 (Classes 7460/7511),-,-,-,-,-,-,-,-,-,-,-,-,-,-,-,-,-,-,-,-,1710372713
DWUCHM,VQDTJI,u2400097,,,u2400097@anu.edu.au,[MyTT] ComA/01 (Classes 7460/7511);[MyTT] LecB/01 (Classes 7460/7511),-,-,-,-,-,-,0.5,0.5,0.4,-,-,-,-,-,-,-,115.3,-,-,-,1710372713
KPFTDI,BVFFRF,u2400098,,,u2400098@anu.edu.au,[MyTT] ComA/04 (Classes 7460/7511);[MyTT] LecB/01 (Classes 7460/7511),-,-,-,-,-,-,0.6,0.6,0.5,-,-,-,-,-,-,-,101.8,-,-,-,1710372713
UVBQXJ,EDSRCE,u2400099,Research School of Biology,,u2400099@anu.edu.au,[MyTT] ComA/05 (Classes 7460/7511);[MyTT] LecB/01 (Classes 7460/7511),-,-,-,-,-,-,0.4,0.4,-,-,-,-,-,-,-,-,117.2,-,-,-,1710372713
GOLUWS,JJLDSE,u2400100,,,u2400100@anu.edu.au,[MyTT] ComA/04 (Classes 7460/7511);[MyTT] LecB/01 (Classes 7460/7511),-,-,-,-,-,-,0.4,0.4,0.4,-,-,-,-,-,-,-,107.9,-,-,-,1710372713
ZYOIMV,GSUTAN,u2400101,,,u2400101@anu.edu.au,[MyTT] ComA/12 (Classes 7460/7511);[MyTT] LecB/01 (Classes 7460/7511),-,-,-,-,-,-,-,-,-,-,-,-,-,-,-,-,114.3,-,-,-,1710372713
XMBMTC,VYFJGA,u2400102,,,u2400102@anu.edu.au,[MyTT] ComA/25 (Classes 7460/7511);[MyTT] LecB/01 (Classes 7460/7511),-,-,-,-,-,-,0.6,0.6,0.6,-,-,-,-,-,-,-,102.6,-,-,-,1710372713
LTUCTS,NHAPKD,u2400103,,,u2400103@anu.edu.au,[MyTT] LecB/01 (Classes 7460/7511);[MyTT] ComA/23 (Classes 7460/7511),-,-,-,-,-,-,0.4,0.5,-,-,-,-,-,-,-,-,109.4,-,-,-,1710372713
IMIDIC,PWJDYO,u2400104,,,u2400104@anu.edu.au,[MyTT] ComA/02 (Classes 7460/7511);[MyTT] LecB/01 (Classes 7460/7511);Lab 8 Option 3 (02) Mon Oct 16 16:00 - 18:00 (HN 1.24),-,-,-,-,-,-,0.5,0.6,0.4,-,-,-,-,-,-,-,119.9,-,-,-,1710372713
AGIYTJ,TTAJNH,u2400105,,,u2400105@anu.edu.au,[MyTT] ComA/04 (Classes 7460/7511);[MyTT] LecB/01 (Classes 7460/7511),-,-,-,-,-,-,0.6,0.6,0.5,-,-,-,-,-,-,-,101.2,-,-,-,1710372713
JRLMCS,CJHHWL,u2400106,,,u2400106@anu.edu.au,[MyTT] LecB/01 (Classes 7460/7511);[MyTT] ComA/24 (Classes 7460/7511),-,-,-,-,-,-,-,-,-,-,-,-,-,-,-,-,-,-,-,-,1710372713
THZFIR,FGRXRW,u2400107,,,u2400107@anu.edu.au,[MyTT] LecB/01 (Classes 7460/7511);[MyTT] ComA/22 (Classes 7460/7511),-,-,-,-,-,-,0.4,-,0.4,-,-,-,-,-,-,-,103,-,-,-,1710372713
CGXWTN,BHLVZG,u2400108,,,u2400108@anu.edu.au,[MyTT] ComA/10 (Classes 7460/7511);[MyTT] LecB/01 (Classes 7460/7511),-,-,-,-,-,-,-,-,-,-,-,-,-,-,-,-,-,-,-,-,1710372713
MNRXMW,XXQHHF,u2400109,,,u2400109@anu.edu.au,[MyTT] ComA/11 (Classes 7460/7511);[MyTT] LecB/01 (Classes 7460/7511),-,-,-,-,-,-,-,0.4,0.3,-,-,-,-,-,-,-,105.1,-,-,-,1710372713
QVYGCU,PCSJAG,u2400110,,,u2400110@anu.edu.au,[MyTT] ComA/04 (Classes 7460/7511);[MyTT] LecB/01 (Classes 7460/7511),-,-,-,-,-,-,-,-,-,-,-,-,-,-,-,-,-,-,-,-,1710372713
HBHSHT,SUHPRD,u2400111,,,u2400111@anu.edu.au,[MyTT] ComA/16 (Classes 7460/7511);[MyTT] LecB/01 (Classes 7460/7511),-,-,-,-,-,-,0.5,0.4,0.4,-,-,-,-,-,-,-,117.1,-,-,-,1710372714
ZZAPYL,TNYHZB,u2400112,,,u2400112@anu.edu.au,[MyTT] ComA/20 (Classes 7460/7511);[MyTT] LecB/01 (Classes 7460/7511),-,-,-,-,-,-,0.5,0.5,0.4,-,-,-,-,-,-,-,116.4,-,-,-,1710372714
WQGLQT,HIUGHI,u2400113,,,u2400113@anu.edu.au,[MyTT] ComA/20 (Classes 7460/7511);[MyTT] LecB/01 (Classes 7460/7511);Supplementary and Deferred Exam,-,-,-,-,-,-,0.4,0.6,0.3,-,-,-,-,-,-,-,108.2,-,-,-,1710372714
MPAXTZ,HKKVHH,u2400114,,,u2400114@anu.edu.au,[MyTT] LecB/01 (Classes 7460/7511);[MyTT] ComA/25 (Classes 7460/7511);Supplementary and Deferred Exam,-,-,-,-,-,-,0.5,0.6,0.5,-,-,-,-,-,-,-,101.4,-,-,-,1710372714
XWTIPW,JYMNZN,u2400115,,,u2400115@anu.edu.au,[MyTT] ComA/03 (Classes 7460/7511);[MyTT] LecB/01 (Classes 7460/7511);Lab 8 Option 2 (01) Tue Oct 10 8:00 - 10:00 (CSIT N115/N116),-,-,-,-,-,-,0.3,0.4,0.6,-,-,-,-,-,-,-,110.9,-,-,-,1710372714
JXEPKK,XATZUE,u2400116,,,u2400116@anu.edu.au,[MyTT] LecB/01 (Classes 7460/7511);[MyTT] ComA/21 (Classes 7460/7511),-,-,-,-,-,-,-,0.6,0.3,-,-,-,-,-,-,-,0,-,-,-,1710372714
YNLKQZ,JARFMG,u2400117,,,u2400117@anu.edu.au,[MyTT] ComA/03 (Classes 7460/7511);[MyTT] LecB/01 (Classes 7460/7511);Lab 8 Option 1 (02) Mon Oct 16 14:00 - 16:00 (HN 1.24);Lab 8 Option 2 (02) Mon Oct 16 12:00 - 14:00 (HN 1.24),-,-,-,-,-,-,0.3,0.4,-,-,-,-,-,-,-,-,115,-,-,-,1710372714
HLQVHW,VVVRQH,u2400118,,,u2400118@anu.edu.au,[MyTT] ComA/12 (Classes 7460/7511);[MyTT] LecB/01 (Classes 7460/7511),-,-,-,-,-,-,0.6,0.6,0.5,-,-,-,-,-,-,-,117.7,-,-,-,1710372714
YXNFAH,LMBAYV,u2400119,,,u2400119@anu.edu.au,[MyTT] ComA/16 (Classes 7460/7511);[MyTT] LecB/01 (Classes 7460/7511),-,-,-,-,-,-,0.4,0.5,0.5,-,-,-,-,-,-,-,117.1,-,-,-,1710372714
CZVNLW,CPBWVO,u2400120,,,u2400120@anu.edu.au,[MyTT] ComA/04 (Classes 7460/7511);[MyTT] LecB/01 (Classes 7460/7511);Lab 8 Option 1 (02) Mon Oct 16 14:00 - 16:00 (HN 1.24),-,-,-,-,-,-,0.6,0.5,0.4,-,-,-,-,-,-,-,120,-,-,-,1710372714
YHYXAY,AXTMQM,u2400121,,,u2400121@anu.edu.au,[MyTT] ComA/14 (Classes 7460/7511);[MyTT] LecB/01 (Classes 7460/7511),-,-,-,-,-,-,0.4,0.5,-,-,-,-,-,-,-,-,108.6,-,-,-,1710372714
SYFRAG,ZGTCVG,u2400122,,,u2400122@anu.edu.au,[MyTT] ComA/05 (Classes 7460/7511);[MyTT] LecB/01 (Classes 7460/7511);Lab 8 Option 1 (02) Mon Oct 16 14:00 - 16:00 (HN 1.24),-,-,-,-,-,-,0.5,0.6,0.5,-,-,-,-,-,-,-,104.4,-,-,-,1710372714
GUJQNZ,OCYJGM,u2400123,,,u2400123@anu.edu.au,[MyTT] ComA/10 (Classes 7460/7511);[MyTT] LecB/01 (Classes 7460/7511),-,-,-,-,-,-,0.4,-,0.5,-,-,-,-,-,-,-,112.7,-,-,-,1710372714
GMAAUA,KJTDVT,u2400124,,,u2400124@anu.edu.au,[MyTT] ComA/13 (Classes 7460/7511);[MyTT] LecB/01 (Classes 7460/7511),-,-,-,-,-,-,0.5,0.5,0.5,-,-,-,-,-,-,-,119,-,-,-,1710372714
GMHTMT,IQESDN,u2400125,,,u2400125@anu.edu.au,[MyTT] ComA/11 (Classes 7460/7511);[MyTT] LecB/01 (Classes 7460/7511),-,-,-,-,-,-,0.5,0.6,0.3,-,-,-,-,-,-,-,118.1,-,-,-,1710372714
JWCHKJ,QWKUIY,u2400126,,,u2400126@anu.edu.au,[MyTT] LecB/01 (Classes 7460/7511);[MyTT] ComA/23 (Classes 7460/7511),-,-,-,-,-,-,0.3,0.3,-,-,-,-,-,-,-,-,119.3,-,-,-,1710372714
VQMZAI,DRIIGP,u2400127,,,u2400127@anu.edu.au,[MyTT] ComA/06 (Classes 7460/7511);[MyTT] LecB/01 (Classes 7460/7511),-,-,-,-,-,-,-,-,0.3,-,-,-,-,-,-,-,106.5,-,-,-,1710372714
IWKFFM,VOMXUZ,u2400128,,,u2400128@anu.edu.au,[MyTT] ComA/15 (Classes 7460/7511);[MyTT] LecB/01 (Classes 7460/7511),-,-,-,-,-,-,0.4,0.6,0.4,-,-,-,-,-,-,-,-,-,-,-,1710372714
FVBDAP,YLXFZB,u2400129,,,u2400129@anu.edu.au,[MyTT] ComA/05 (Classes 7460/7511);[MyTT] LecB/01 (Classes 7460/7511),-,-,-,-,-,-,0.5,0.6,0.3,-,-,-,-,-,-,-,-,-,-,-,1710372714
SIKTHF,FAKEYV,u2400130,,,u2400130@anu.edu.au,[MyTT] LecB/01 (Classes 7460/7511);[MyTT] ComA/22 (Classes 7460/7511);Lab 8 Option 1 (01) Wed Oct 11 16:00 - 18:00 (CSIT N115/N116),-,-,-,-,-,-,0.2,0.4,0.6,-,-,-,-,-,-,-,107.3,-,-,-,1710372714
KJWFZK,TTTGQU,u2400131,,,u2400131@anu.edu.au,[MyTT] LecB/01 (Classes 7460/7511);[MyTT] ComA/24 (Classes 7460/7511);Lab 8 Option 1 (01) Wed Oct 11 16:00 - 18:00 (CSIT N115/N116),-,-,-,-,-,-,0.6,0.4,0.4,-,-,-,-,-,-,-,105.6,-,-,-,1710372714
AENTQZ,NMAGYR,u2400132,,,u2400132@anu.edu.au,[MyTT] ComA/03 (Classes 7460/7511);[MyTT] LecB/01 (Classes 7460/7511);Lab 8 Option 2 (02) Mon Oct 16 12:00 - 14:00 (HN 1.24),-,-,-,-,-,-,0.2,0.6,0.4,-,-,-,-,-,-,-,106.9,-,-,-,1710372714
FBEYVA,XHGVKZ,u2400133,,,u2400133@anu.edu.au,[MyTT] LecB/01 (Classes 7460/7511);[MyTT] ComA/25 (Classes 7460/7511),-,-,-,-,-,-,0.4,0.5,0.4,-,-,-,-,-,-,-,110.7,-,-,-,1710372714
KREJWT,VIMVYO,u2400134,,,u2400134@anu.edu.au,[MyTT] LecB/01 (Classes 7460/7511);[MyTT] ComA/22 (Classes 7460/7511),-,-,-,-,-,-,0.5,-,0.3,-,-,-,-,-,-,-,0,-,-,-,1710372714
EEOHMJ,FFFQGH,u2400135,,,u2400135@anu.edu.au,[MyTT] ComA/18 (Classes 7460/7511);[MyTT] LecB/01 (Classes 7460/7511),-,-,-,-,-,-,-,0.3,0.1,-,-,-,-,-,-,-,108.5,-,-,-,1710372714
PORMXC,ITKRRH,u2400136,,,u2400136@anu.edu.au,[MyTT] ComA/19 (Classes 7460/7511);[MyTT] LecB/01 (Classes 7460/7511),-,-,-,-,-,-,0.5,0.5,0.5,-,-,-,-,-,-,-,101.3,-,-,-,1710372714
WEOJQB,KDPENP,u2400137,,,u2400137@anu.edu.au,[MyTT] ComA/07 (Classes 7460/7511);[MyTT] LecB/01 (Classes 7460/7511);Supplementary and Deferred Exam,-,-,-,-,-,-,0.5,0.6,0.6,-,-,-,-,-,-,-,115.8,-,-,-,1710372714
NPPYFS,TQDLZX,u2400138,,,u2400138@anu.edu.au,[MyTT] LecB/01 (Classes 7460/7511);[MyTT] ComA/25 (Classes 7460/7511);Lab 8 Option 1 (02) Mon Oct 16 14:00 - 16:00 (HN 1.24),-,-,-,-,-,-,0.3,0.5,-,-,-,-,-,-,-,-,0,-,-,-,1710372714
UCBXPZ,YLONUT,u2400139,,,u2400139@anu.edu.au,[MyTT] ComA/15 (Classes 7460/7511);[MyTT] LecB/01 (Classes 7460/7511),-,-,-,-,-,-,0.5,0.5,0.4,-,-,-,-,-,-,-,113.9,-,-,-,1710372714
BFNTCU,VTBPLD,u2400140,,,u2400140@anu.edu.au,[MyTT] ComA/05 (Classes 7460/7511);[MyTT] LecB/01 (Classes 7460/7511);Lab 8 Option 3 (01) Thu Oct 12 18:00 - 20:00 (HN 1.24),-,-,-,-,-,-,0.4,0.6,0.5,-,-,-,-,-,-,-,119.3,-,-,-,1710372714
BCWFSN,NHPKWM,u2400141,,,u2400141@anu.edu.au,[MyTT] ComA/01 (Classes 7460/7511);[MyTT] LecB/01 (Classes 7460/7511);Lab 8 Option 2 (01) Tue Oct 10 8:00 - 10:00 (CSIT N115/N116),-,-,-,-,-,-,-,-,-,-,-,-,-,-,-,-,-,-,-,-,1710372714
ZIDASQ,DNJLYB,u2400142,,,u2400142@anu.edu.au,[MyTT] LecB/01 (Classes 7460/7511);[MyTT] ComA/21 (Classes 7460/7511),-,-,-,-,-,-,0.5,0.5,0.4,-,-,-,-,-,-,-,-,-,-,-,1710372714
MJJBVU,UYNHJB,u2400143,,,u2400143@anu.edu.au,[MyTT] LecB/01 (Classes 7460/7511);[MyTT] ComA/21 (Classes 7460/7511),-,-,-,-,-,-,0.2,0.5,-,-,-,-,-,-,-,-,-,-,-,-,1710372714
EEYSCU,LBPLXV,u2400144,,,u2400144@anu.edu.au,[MyTT] ComA/04 (Classes 7460/7511);[MyTT] LecB/01 (Classes 7460/7511),-,-,-,-,-,-,0.2,-,-,-,-,-,-,-,-,-,101.6,-,-,-,1710372714
PGDAHS,JMZLKB,u2400145,,,u2400145@anu.edu.au,[MyTT] ComA/11 (Classes 7460/7511);[MyTT] LecB/01 (Classes 7460/7511),-,-,-,-,-,-,0.6,0.6,0.4,-,-,-,-,-,-,-,115.6,-,-,-,1710372714
ZCBPFI,MASOVB,u2400146,,,u2400146@anu.edu.au,[MyTT] ComA/09 (Classes 7460/7511);[MyTT] LecB/01 (Classes 7460/7511),-,-,-,-,-,-,-,0.5,0.4,-,-,-,-,-,-,-,104.7,-,-,-,1710372714
XOHDYW,EVGUIH,u2400147,,,u2400147@anu.edu.au,[MyTT] ComA/12 (Classes 7460/7511);[MyTT] LecB/01 (Classes 7460/7511),-,-,-,-,-,-,0.5,0.6,0.5,-,-,-,-,-,-,-,74.8,-,-,-,1710372714
VAPDIJ,MPWLTS,u2400148,,,u2400148@anu.edu.au,[MyTT] ComA/05 (Classes 7460/7511);[MyTT] LecB/01 (Classes 7460/7511),-,-,-,-,-,-,0.3,0.6,0.5,-,-,-,-,-,-,-,113.1,-,-,-,1710372714
WCZBIG,GQBGYH,u2400149,,,u2400149@anu.edu.au,[MyTT] ComA/07 (Classes 7460/7511);[MyTT] LecB/01 (Classes 7460/7511),-,-,-,-,-,-,0.3,0.6,0.3,-,-,-,-,-,-,-,112.9,-,-,-,1710372714
ISKOCB,VASAEH,u2400150,,,u2400150@anu.edu.au,[MyTT] ComA/05 (Classes 7460/7511);[MyTT] LecB/01 (Classes 7460/7511),-,-,-,-,-,-,0.5,-,-,-,-,-,-,-,-,-,-,-,-,-,1710372714
TAZRRI,QQABVA,u2400151,,,u2400151@anu.edu.au,[MyTT] ComA/11 (Classes 7460/7511);[MyTT] LecB/01 (Classes 7460/7511);Lab 8 Option 1 (01) Wed Oct 11 16:00 - 18:00 (CSIT N115/N116),-,-,-,-,-,-,0.5,0.5,0.6,-,-,-,-,-,-,-,109.3,-,-,-,1710372714
CCRBGP,EKLYUG,u2400152,,,u2400152@anu.edu.au,[MyTT] ComA/09 (Classes 7460/7511);[MyTT] LecB/01 (Classes 7460/7511),-,-,-,-,-,-,0.6,0.5,0.5,-,-,-,-,-,-,-,105.6,-,-,-,1710372714
AUGOHG,IZPURC,u2400153,,,u2400153@anu.edu.au,[MyTT] ComA/01 (Classes 7460/7511);[MyTT] LecB/01 (Classes 7460/7511);Lab 8 Option 2 (01) Tue Oct 10 8:00 - 10:00 (CSIT N115/N116),-,-,-,-,-,-,0.5,0.5,0.5,-,-,-,-,-,-,-,105.7,-,-,-,1710372714
NNKTKT,JRGGNT,u2400154,,,u2400154@anu.edu.au,[MyTT] ComA/16 (Classes 7460/7511);[MyTT] LecB/01 (Classes 7460/7511);Supplementary and Deferred Exam,-,-,-,-,-,-,0.5,0.5,0.5,-,-,-,-,-,-,-,116.2,-,-,-,1710372714
NDIHQE,FCWQXC,u2400155,,,u2400155@anu.edu.au,[MyTT] ComA/05 (Classes 7460/7511);[MyTT] LecB/01 (Classes 7460/7511),-,-,-,-,-,-,-,0.4,0.4,-,-,-,-,-,-,-,119,-,-,-,1710372714
MGYHTI,AXNKWJ,u2400156,,,u2400156@anu.edu.au,[MyTT] ComA/08 (Classes 7460/7511);[MyTT] LecB/01 (Classes 7460/7511),-,-,-,-,-,-,0.5,0.6,0.4,-,-,-,-,-,-,-,107.8,-,-,-,1710372714
PYQGPX,RJMFRA,u2400157,,,u2400157@anu.edu.au,[MyTT] ComA/13 (Classes 7460/7511);[MyTT] LecB/01 (Classes 7460/7511);Lab 8 Option 1 (01) Wed Oct 11 16:00 - 18:00 (CSIT N115/N116),-,-,-,-,-,-,0.5,0.6,0.5,-,-,-,-,-,-,-,100.8,-,-,-,1710372714
QNSHTF,JJGFYW,u2400158,,,u2400158@anu.edu.au,[MyTT] ComA/05 (Classes 7460/7511);[MyTT] LecB/01 (Classes 7460/7511),-,-,-,-,-,-,0.6,-,0.4,-,-,-,-,-,-,-,115.1,-,-,-,1710372714
RUPHEY,ISAJNW,u2400159,,,u2400159@anu.edu.au,[MyTT] LecB/01 (Classes 7460/7511);[MyTT] ComA/23 (Classes 7460/7511);Lab 8 Option 1 (02) Mon Oct 16 14:00 - 16:00 (HN 1.24),-,-,-,-,-,-,0.3,0.5,0.4,-,-,-,-,-,-,-,112.7,-,-,-,1710372714
CXUUUS,MTQQSY,u2400160,,,u2400160@anu.edu.au,[MyTT] ComA/08 (Classes 7460/7511);[MyTT] LecB/01 (Classes 7460/7511),-,-,-,-,-,-,0.5,0.5,0.5,-,-,-,-,-,-,-,102.9,-,-,-,1710372714
CSEZVQ,XOWYJA,u2400161,,,u2400161@anu.edu.au,[MyTT] ComA/08 (Classes 7460/7511);[MyTT] LecB/01 (Classes 7460/7511),-,-,-,-,-,-,-,-,0.4,-,-,-,-,-,-,-,118.3,-,-,-,1710372714
JWXGRG,AVRTQN,u2400162,,,u2400162@anu.edu.au,[MyTT] ComA/07 (Classes 7460/7511);[MyTT] LecB/01 (Classes 7460/7511),-,-,-,-,-,-,0.5,0.6,0.4,-,-,-,-,-,-,-,118.2,-,-,-,1710372714
NYYNGC,IJZYZS,u2400163,,,u2400163@anu.edu.au,[MyTT] ComA/05 (Classes 7460/7511);[MyTT] LecB/01 (Classes 7460/7511),-,-,-,-,-,-,0.3,0.3,0.5,-,-,-,-,-,-,-,109.8,-,-,-,1710372714
MHUNJQ,PDWGEB,u2400164,,,u2400164@anu.edu.au,[MyTT] LecB/01 (Classes 7460/7511);[MyTT] ComA/21 (Classes 7460/7511);Lab 8 Option 3 (01) Thu Oct 12 18:00 - 20:00 (HN 1.24),-,-,-,-,-,-,0.3,0.6,0.2,-,-,-,-,-,-,-,101.9,-,-,-,1710372714
HVQRGU,NDIGBN,u2400165,,,u2400165@anu.edu.au,[MyTT] ComA/15 (Classes 7460/7511);[MyTT] LecB/01 (Classes 7460/7511),-,-,-,-,-,-,0.5,0.4,-,-,-,-,-,-,-,-,105.4,-,-,-,1710372714
IPWPAX,VXNXXB,u2400166,,,u2400166@anu.edu.au,[MyTT] ComA/19 (Classes 7460/7511);[MyTT] LecB/01 (Classes 7460/7511);Lab 8 Option 2 (01) Tue Oct 10 8:00 - 10:00 (CSIT N115/N116),-,-,-,-,-,-,0.5,0.6,0.5,-,-,-,-,-,-,-,108.4,-,-,-,1710372714
YVAKKJ,JTHXVK,u2400167,,,u2400167@anu.edu.au,[MyTT] LecB/01 (Classes 7460/7511);[MyTT] ComA/23 (Classes 7460/7511);Lab 8 Option 1 (01) Wed Oct 11 16:00 - 18:00 (CSIT N115/N116),-,-,-,-,-,-,-,0.5,0.4,-,-,-,-,-,-,-,104.1,-,-,-,1710372714
PHEJWQ,QCWSWQ,u2400168,,,u2400168@anu.edu.au,[MyTT] ComA/03 (Classes 7460/7511);[MyTT] LecB/01 (Classes 7460/7511),-,-,-,-,-,-,0.3,0.6,0.4,-,-,-,-,-,-,-,118.6,-,-,-,1710372714
QPQYMN,QDEXXG,u2400169,,,u2400169@anu.edu.au,[MyTT] ComA/11 (Classes 7460/7511);[MyTT] LecB/01 (Classes 7460/7511),-,-,-,-,-,-,-,-,-,-,-,-,-,-,-,-,0,-,-,-,1710372714
ZDFIGK,LEKODF,u2400170,,,u2400170@anu.edu.au,[MyTT] ComA/04 (Classes 7460/7511);[MyTT] LecB/01 (Classes 7460/7511),-,-,-,-,-,-,0.4,0.4,0.3,-,-,-,-,-,-,-,102.1,-,-,-,1710372714
DSJZEY,MAWJAI,u2400171,,,u2400171@anu.edu.au,[MyTT] ComA/10 (Classes 7460/7511);[MyTT] LecB/01 (Classes 7460/7511),-,-,-,-,-,-,0.6,0.5,-,-,-,-,-,-,-,-,113.2,-,-,-,1710372714
PVTNHY,HFRCSP,u2400172,,,u2400172@anu.edu.au,[MyTT] ComA/02 (Classes 7460/7511);[MyTT] LecB/01 (Classes 7460/7511);Lab 8 Option 3 (02) Mon Oct 16 16:00 - 18:00 (HN 1.24),-,-,-,-,-,-,0.5,0.6,0.5,-,-,-,-,-,-,-,100.8,-,-,-,1710372714
FGKQOJ,WFPGNL,u2400173,,,u2400173@anu.edu.au,[MyTT] ComA/04 (Classes 7460/7511);[MyTT] LecB/01 (Classes 7460/7511);Lab 8 Option 1 (02) Mon Oct 16 14:00 - 16:00 (HN 1.24),-,-,-,-,-,-,-,0.5,0.6,-,-,-,-,-,-,-,107.9,-,-,-,1710372714
IPVEJP,JWVVJP,u2400174,,,u2400174@anu.edu.au,[MyTT] LecB/01 (Classes 7460/7511);[MyTT] ComA/22 (Classes 7460/7511),-,-,-,-,-,-,0.5,0.4,0.4,-,-,-,-,-,-,-,112.4,-,-,-,1710372714
XCDJJX,LOENPF,u2400175,,,u2400175@anu.edu.au,[MyTT] LecB/01 (Classes 7460/7511);[MyTT] ComA/24 (Classes 7460/7511),-,-,-,-,-,-,-,-,-,-,-,-,-,-,-,-,-,-,-,-,1710372714
MYWBKZ,SCTKFR,u2400176,,,u2400176@anu.edu.au,[MyTT] ComA/20 (Classes 7460/7511);[MyTT] LecB/01 (Classes 7460/7511);Lab 8 Option 2 (01) Tue Oct 10 8:00 - 10:00 (CSIT N115/N116),-,-,-,-,-,-,0.5,0.5,0.4,-,-,-,-,-,-,-,110,-,-,-,1710372714
XHJTYJ,MAZUFE,u2400177,,,u2400177@anu.edu.au,[MyTT] ComA/15 (Classes 7460/7511);[MyTT] LecB/01 (Classes 7460/7511),-,-,-,-,-,-,0.2,0.4,0.4,-,-,-,-,-,-,-,115.6,-,-,-,1710372714
EQTCPB,OEFNMR,u2400178,,,u2400178@anu.edu.au,[MyTT] ComA/09 (Classes 7460/7511);[MyTT] LecB/01 (Classes 7460/7511);Lab 8 Option 3 (01) Thu Oct 12 18:00 - 20:00 (HN 1.24),-,-,-,-,-,-,-,-,-,-,-,-,-,-,-,-,-,-,-,-,1710372714
EBNFWJ,BRYEEA,u2400179,,,u2400179@anu.edu.au,[MyTT] ComA/08 (Classes 7460/7511);[MyTT] LecB/01 (Classes 7460/7511),-,-,-,-,-,-,0.6,0.5,0.4,-,-,-,-,-,-,-,115.8,-,-,-,1710372714
CJPZVA,LYCBYF,u2400180,,,u2400180@anu.edu.au,[MyTT] ComA/08 (Classes 7460/7511);Lab 8 Option 1 (01) Wed Oct 11 16:00 - 18:00 (CSIT N115/N116),-,-,-,-,-,-,-,-,-,-,-,-,-,-,-,-,-,-,-,-,1710372714
XPUCTM,TMSRFF,u2400181,,,u2400181@anu.edu.au,[MyTT] ComA/06 (Classes 7460/7511);[MyTT] LecB/01 (Classes 7460/7511),-,-,-,-,-,-,0.4,0.3,0.5,-,-,-,-,-,-,-,109.4,-,-,-,1710372714
SXXWRX,BKMYDS,u2400182,,,u2400182@anu.edu.au,[MyTT] ComA/03 (Classes 7460/7511);[MyTT] LecB/01 (Classes 7460/7511),-,-,-,-,-,-,0.3,0.5,0.4,-,-,-,-,-,-,-,101.7,-,-,-,1710372714
DVVFTP,QQIYQP,u2400183,,,u2400183@anu.edu.au,[MyTT] ComA/12 (Classes 7460/7511);[MyTT] LecB/01 (Classes 7460/7511),-,-,-,-,-,-,0.5,0.5,0.4,-,-,-,-,-,-,-,104.8,-,-,-,1710372714
LAHBWQ,OVZQVM,u2400184,,,u2400184@anu.edu.au,[MyTT] LecB/01 (Classes 7460/7511);[MyTT] ComA/23 (Classes 7460/7511);Lab 8 Option 3 (01) Thu Oct 12 18:00 - 20:00 (HN 1.24),-,-,-,-,-,-,0.5,0.4,0.5,-,-,-,-,-,-,-,118.5,-,-,-,1710372714
OJDCQO,LNNHRM,u2400185,,,u2400185@anu.edu.au,[MyTT] ComA/04 (Classes 7460/7511);[MyTT] LecB/01 (Classes 7460/7511),-,-,-,-,-,-,-,-,-,-,-,-,-,-,-,-,113.4,-,-,-,1710372714
NQNKMN,FLGXID,u2400186,,,u2400186@anu.edu.au,[MyTT] ComA/01 (Classes 7460/7511);[MyTT] LecB/01 (Classes 7460/7511),-,-,-,-,-,-,0.6,0.6,0.4,-,-,-,-,-,-,-,113.2,-,-,-,1710372714
QECDQF,SJCYFY,u2400187,,,u2400187@anu.edu.au,[MyTT] ComA/06 (Classes 7460/7511);[MyTT] LecB/01 (Classes 7460/7511),-,-,-,-,-,-,0.4,0.5,0.4,-,-,-,-,-,-,-,100.7,-,-,-,1710372714
GAYXDN,FXFAOX,u2400188,,,u2400188@anu.edu.au,[MyTT] ComA/09 (Classes 7460/7511);[MyTT] LecB/01 (Classes 7460/7511);Supplementary and Deferred Exam,-,-,-,-,-,-,0.5,0.5,0.2,-,-,-,-,-,-,-,118.9,-,-,-,1710372714
VAIDCI,EFQOLT,u2400189,,,u2400189@anu.edu.au,[MyTT] ComA/14 (Classes 7460/7511);[MyTT] LecB/01 (Classes 7460/7511);Lab 8 Option 3 (01) Thu Oct 12 18:00 - 20:00 (HN 1.24),-,-,-,-,-,-,0.4,0.5,0.6,-,-,-,-,-,-,-,102.5,-,-,-,1710372714
QZZAMV,BFOMMZ,u2400190,,,u2400190@anu.edu.au,[MyTT] ComA/04 (Classes 7460/7511);[MyTT] LecB/01 (Classes 7460/7511),-,-,-,-,-,-,-,-,-,-,-,-,-,-,-,-,50.5,-,-,-,1710372714
ZGNSMR,PKFVMP,u2400191,,,u2400191@anu.edu.au,[MyTT] ComA/02 (Classes 7460/7511);[MyTT] LecB/01 (Classes 7460/7511);Lab 8 Option 3 (01) Thu Oct 12 18:00 - 20:00 (HN 1.24),-,-,-,-,-,-,0.4,0.5,0.4,-,-,-,-,-,-,-,117.3,-,-,-,1710372714
APNGZY,RGDTZG,u2400192,,,u2400192@anu.edu.au,[MyTT] LecB/01 (Classes 7460/7511);[MyTT] ComA/23 (Classes 7460/7511),-,-,-,-,-,-,0.3,0.2,0.3,-,-,-,-,-,-,-,104.6,-,-,-,1710372714
PPPIWE,MKOKSY,u2400193,,,u2400193@anu.edu.au,[MyTT] ComA/08 (Classes 7460/7511);[MyTT] LecB/01 (Classes 7460/7511),-,-,-,-,-,-,0.5,0.5,0.6,-,-,-,-,-,-,-,102,-,-,-,1710372714
FXDRKU,TOCWXX,u2400194,,,u2400194@anu.edu.au,[MyTT] LecB/01 (Classes 7460/7511);[MyTT] ComA/24 (Classes 7460/7511);Supplementary and Deferred Exam,-,-,-,-,-,-,0.4,0.6,0.6,-,-,-,-,-,-,-,101.9,-,-,-,1710372714
DWBFCS,LNWHRJ,u2400195,,,u2400195@anu.edu.au,[MyTT] ComA/18 (Classes 7460/7511);[MyTT] LecB/01 (Classes 7460/7511),-,-,-,-,-,-,0.1,0.6,0.5,-,-,-,-,-,-,-,104.3,-,-,-,1710372714
ODGQSB,WVEYHT,u2400196,,,u2400196@anu.edu.au,[MyTT] LecB/01 (Classes 7460/7511);[MyTT] ComA/24 (Classes 7460/7511);Supplementary and Deferred Exam,-,-,-,-,-,-,-,0.5,-,-,-,-,-,-,-,-,113.4,-,-,-,1710372714
MQVFVT,NAKZLF,u2400197,,,u2400197@anu.edu.au,[MyTT] ComA/03 (Classes 7460/7511);[MyTT] LecB/01 (Classes 7460/7511),-,-,-,-,-,-,-,-,-,-,-,-,-,-,-,-,0,-,-,-,1710372714
DGNIIF,WSWCRA,u2400198,,,u2400198@anu.edu.au,[MyTT] LecB/01 (Classes 7460/7511);[MyTT] ComA/01 (Classes 7460/7511),-,-,-,-,-,-,0.5,0.6,0.5,-,-,-,-,-,-,-,-,-,-,-,1710372714
LBOVNI,ZZBZGT,u2400199,,,u2400199@anu.edu.au,[MyTT] ComA/14 (Classes 7460/7511);[MyTT] LecB/01 (Classes 7460/7511);Lab 8 Option 3 (01) Thu Oct 12 18:00 - 20:00 (HN 1.24),-,-,-,-,-,-,0.4,-,0.3,-,-,-,-,-,-,-,112.1,-,-,-,1710372714
FACOGO,XXDBAK,u2400200,,,u2400200@anu.edu.au,[MyTT] ComA/02 (Classes 7460/7511);[MyTT] LecB/01 (Classes 7460/7511),-,-,-,-,-,-,-,0.4,0.5,-,-,-,-,-,-,-,108.2,-,-,-,1710372714
JBLMSR,JSASDY,u2400201,,,u2400201@anu.edu.au,[MyTT] ComA/02 (Classes 7460/7511);[MyTT] LecB/01 (Classes 7460/7511);Lab 8 Option 1 (01) Wed Oct 11 16:00 - 18:00 (CSIT N115/N116),-,-,-,-,-,-,0.5,0.6,0.4,-,-,-,-,-,-,-,108.6,-,-,-,1710372714
PYBSDW,BXLZOT,u2400202,,,u2400202@anu.edu.au,[MyTT] ComA/04 (Classes 7460/7511);[MyTT] LecB/01 (Classes 7460/7511),-,-,-,-,-,-,0.5,0.5,0.5,-,-,-,-,-,-,-,115.3,-,-,-,1710372714
HTXYAV,JPNDGB,u2400203,,,u2400203@anu.edu.au,[MyTT] ComA/11 (Classes 7460/7511);[MyTT] LecB/01 (Classes 7460/7511),-,-,-,-,-,-,0.6,0.5,0.5,-,-,-,-,-,-,-,109.5,-,-,-,1710372714
DFQMJK,YWCPHW,u2400204,,,u2400204@anu.edu.au,[MyTT] ComA/14 (Classes 7460/7511);[MyTT] LecB/01 (Classes 7460/7511);Lab 8 Option 1 (02) Mon Oct 16 14:00 - 16:00 (HN 1.24),-,-,-,-,-,-,0.6,0.5,0.3,-,-,-,-,-,-,-,102.6,-,-,-,1710372714
EAETHW,GZSCLY,u2400205,,,u2400205@anu.edu.au,[MyTT] ComA/25 (Classes 7460/7511),-,-,-,-,-,-,0.4,0.5,0.5,-,-,-,-,-,-,-,101.4,-,-,-,1710372714
EGOTZB,EDGLNT,u2400206,,,u2400206@anu.edu.au,[MyTT] ComA/11 (Classes 7460/7511);[MyTT] LecB/01 (Classes 7460/7511),-,-,-,-,-,-,0.6,-,-,-,-,-,-,-,-,-,39.2,-,-,-,1710372714
IPDNID,ZQTWHJ,u2400207,,,u2400207@anu.edu.au,[MyTT] ComA/16 (Classes 7460/7511);[MyTT] LecB/01 (Classes 7460/7511);Lab 8 Option 1 (01) Wed Oct 11 16:00 - 18:00 (CSIT N115/N116);Lab 8 Option 1 (02) Mon Oct 16 14:00 - 16:00 (HN 1.24),-,-,-,-,-,-,0.6,-,0.5,-,-,-,-,-,-,-,114.6,-,-,-,1710372714
CYBEKH,XROZBC,u2400208,,,u2400208@anu.edu.au,[MyTT] LecB/01 (Classes 7460/7511);[MyTT] ComA/21 (Classes 7460/7511),-,-,-,-,-,-,0.6,0.5,-,-,-,-,-,-,-,-,33.5,-,-,-,1710372714
XBKCCG,XKWCCV,u2400209,,,u2400209@anu.edu.au,[MyTT] LecB/01 (Classes 7460/7511);[MyTT] ComA/24 (Classes 7460/7511),-,-,-,-,-,-,0.5,0.4,0.6,-,-,-,-,-,-,-,108.9,-,-,-,1710372714
HSONNR,TTYKTX,u2400210,,,u2400210@anu.edu.au,[MyTT] ComA/01 (Classes 7460/7511);[MyTT] LecB/01 (Classes 7460/7511);Lab 8 Option 3 (02) Mon Oct 16 16:00 - 18:00 (HN 1.24);Supplementary and Deferred Exam,-,-,-,-,-,-,0.5,0.6,0.5,-,-,-,-,-,-,-,115.8,-,-,-,1710372714
QVPBPT,WVIVJR,u2400211,,,u2400211@anu.edu.au,[MyTT] ComA/03 (Classes 7460/7511);[MyTT] LecB/01 (Classes 7460/7511),-,-,-,-,-,-,-,0.6,0.4,-,-,-,-,-,-,-,112.9,-,-,-,1710372714
ZMVHKB,ZDDCUF,u2400212,,,u2400212@anu.edu.au,[MyTT] ComA/08 (Classes 7460/7511);[MyTT] LecB/01 (Classes 7460/7511),-,-,-,-,-,-,-,0.3,-,-,-,-,-,-,-,-,-,-,-,-,1710372714
PFJYSQ,YHQQOK,u2400213,,,u2400213@anu.edu.au,[MyTT] ComA/20 (Classes 7460/7511);[MyTT] LecB/01 (Classes 7460/7511),-,-,-,-,-,-,0.3,0.5,0.2,-,-,-,-,-,-,-,102.5,-,-,-,1710372714
WVUQMB,YTKXJO,u2400214,,,u2400214@anu.edu.au,[MyTT] ComA/13 (Classes 7460/7511);[MyTT] LecB/01 (Classes 7460/7511),-,-,-,-,-,-,0.3,0.6,-,-,-,-,-,-,-,-,119.4,-,-,-,1710372714
GLOMFM,IQAPAA,u2400215,,,u2400215@anu.edu.au,[MyTT] ComA/01 (Classes 7460/7511);[MyTT] LecB/01 (Classes 7460/7511),-,-,-,-,-,-,0.4,0.5,0.4,-,-,-,-,-,-,-,115.5,-,-,-,1710372714
WCFYTP,VQBCOJ,u2400216,,,u2400216@anu.edu.au,[MyTT] ComA/10 (Classes 7460/7511);[MyTT] LecB/01 (Classes 7460/7511),-,-,-,-,-,-,-,-,-,-,-,-,-,-,-,-,-,-,-,-,1710372715
DOWCIU,FSIHQD,u2400217,,,u2400217@anu.edu.au,[MyTT] LecB/01 (Classes 7460/7511);[MyTT] ComA/23 (Classes 7460/7511);Lab 8 Option 3 (02) Mon Oct 16 16:00 - 18:00 (HN 1.24);Supplementary and Deferred Exam,-,-,-,-,-,-,0.6,0.6,0.5,-,-,-,-,-,-,-,107.1,-,-,-,1710372715
MZEUYA,HASBUB,u2400218,,,u2400218@anu.edu.au,[MyTT] LecB/01 (Classes 7460/7511);[MyTT] ComA/21 (Classes 7460/7511),-,-,-,-,-,-,-,0.5,0.5,-,-,-,-,-,-,-,108.9,-,-,-,1710372715
BHURVC,XKMOKT,u2400219,,,u2400219@anu.edu.au,[MyTT] ComA/04 (Classes 7460/7511);[MyTT] LecB/01 (Classes 7460/7511);Lab 8 Option 3 (02) Mon Oct 16 16:00 - 18:00 (HN 1.24),-,-,-,-,-,-,0.3,0.6,0.5,-,-,-,-,-,-,-,114.7,-,-,-,1710372715
XFBWWB,VCTYMM,u2400220,,,u2400220@anu.edu.au,[MyTT] ComA/04 (Classes 7460/7511);[MyTT] LecB/01 (Classes 7460/7511),-,-,-,-,-,-,0.5,0.6,0.6,-,-,-,-,-,-,-,107.3,-,-,-,1710372715
GYFZMX,KNNZEF,u2400221,,,u2400221@anu.edu.au,[MyTT] ComA/20 (Classes 7460/7511);[MyTT] LecB/01 (Classes 7460/7511),-,-,-,-,-,-,0.6,0.6,0.4,-,-,-,-,-,-,-,57.1,-,-,-,1710372715
KUEBTB,NKLJQG,u2400222,,,u2400222@anu.edu.au,[MyTT] LecB/01 (Classes 7460/7511);[MyTT] ComA/21 (Classes 7460/7511),-,-,-,-,-,-,0.3,0.6,0.4,-,-,-,-,-,-,-,109.2,-,-,-,1710372715
BENXCT,KOSMQA,u2400223,,,u2400223@anu.edu.au,[MyTT] ComA/16 (Classes 7460/7511);[MyTT] LecB/01 (Classes 7460/7511),-,-,-,-,-,-,-,0.5,0.6,-,-,-,-,-,-,-,100.6,-,-,-,1710372715
ADKYWS,JTTGZJ,u2400224,,,u2400224@anu.edu.au,[MyTT] ComA/01 (Classes 7460/7511);[MyTT] LecB/01 (Classes 7460/7511),-,-,-,-,-,-,0.4,0.5,-,-,-,-,-,-,-,-,107.8,-,-,-,1710372715
VWICDR,RWWQBJ,u2400225,,,u2400225@anu.edu.au,[MyTT] ComA/11 (Classes 7460/7511);[MyTT] LecB/01 (Classes 7460/7511);Lab 8 Option 1 (01) Wed Oct 11 16:00 - 18:00 (CSIT N115/N116),-,-,-,-,-,-,0.4,0.6,0.3,-,-,-,-,-,-,-,112.7,-,-,-,1710372715
NFBNST,BUGEKX,u2400226,,,u2400226@anu.edu.au,[MyTT] ComA/10 (Classes 7460/7511);[MyTT] LecB/01 (Classes 7460/7511),-,-,-,-,-,-,-,0.4,0.5,-,-,-,-,-,-,-,113.2,-,-,-,1710372715
FCKVUZ,BBUORY,u2400227,,,u2400227@anu.edu.au,[MyTT] LecB/01 (Classes 7460/7511);[MyTT] ComA/23 (Classes 7460/7511),-,-,-,-,-,-,0.2,0.5,0.4,-,-,-,-,-,-,-,112.9,-,-,-,1710372715
YIEKJD,NHBDBZ,u2400228,,,u2400228@anu.edu.au,[MyTT] ComA/16 (Classes 7460/7511);[MyTT] LecB/01 (Classes 7460/7511),-,-,-,-,-,-,0.4,0.5,0.6,-,-,-,-,-,-,-,105.1,-,-,-,1710372715
VGNNTO,MRBRDM,u2400229,,,u2400229@anu.edu.au,[MyTT] LecB/01 (Classes 7460/7511);[MyTT] ComA/22 (Classes 7460/7511),-,-,-,-,-,-,0.5,0.6,0.4,-,-,-,-,-,-,-,110.9,-,-,-,1710372715
YSOOSZ,AEKOZS,u2400230,,,u2400230@anu.edu.au,[MyTT] ComA/07 (Classes 7460/7511);[MyTT] LecB/01 (Classes 7460/7511);Lab 8 Option 3 (02) Mon Oct 16 16:00 - 18:00 (HN 1.24),-,-,-,-,-,-,0.5,0.5,0.5,-,-,-,-,-,-,-,114.6,-,-,-,1710372715
KTUGSD,WCJFVR,u2400231,,,u2400231@anu.edu.au,[MyTT] ComA/05 (Classes 7460/7511);[MyTT] LecB/01 (Classes 7460/7511),-,-,-,-,-,-,0.6,0.5,0.5,-,-,-,-,-,-,-,105,-,-,-,1710372715
EOKNTB,RCKNKW,u2400232,,,u2400232@anu.edu.au,[MyTT] ComA/18 (Classes 7460/7511);[MyTT] LecB/01 (Classes 7460/7511),-,-,-,-,-,-,0.6,0.5,0.5,-,-,-,-,-,-,-,114.9,-,-,-,1710372715
JZLSWD,RDNLDT,u2400233,,,u2400233@anu.edu.au,[MyTT] ComA/15 (Classes 7460/7511);[MyTT] LecB/01 (Classes 7460/7511),-,-,-,-,-,-,0.5,0.2,0.4,-,-,-,-,-,-,-,107.5,-,-,-,1710372715
HRUOQK,OZSBJY,u2400234,,,u2400234@anu.edu.au,[MyTT] ComA/08 (Classes 7460/7511);[MyTT] LecB/01 (Classes 7460/7511),-,-,-,-,-,-,0.5,0.6,0.3,-,-,-,-,-,-,-,110.9,-,-,-,1710372715
BQOCZF,MDWYYC,u2400235,,,u2400235@anu.edu.au,[MyTT] LecB/01 (Classes 7460/7511);[MyTT] ComA/22 (Classes 7460/7511);Supplementary and Deferred Exam,-,-,-,-,-,-,0.5,0.5,0.5,-,-,-,-,-,-,-,112.1,-,-,-,1710372715
DRKHQK,CKAIIU,u2400236,,,u2400236@anu.edu.au,[MyTT] ComA/01 (Classes 7460/7511);[MyTT] LecB/01 (Classes 7460/7511),-,-,-,-,-,-,-,-,-,-,-,-,-,-,-,-,115.2,-,-,-,1710372715
KFHCZA,OYMWKD,u2400237,,,u2400237@anu.edu.au,[MyTT] ComA/12 (Classes 7460/7511);[MyTT] LecB/01 (Classes 7460/7511),-,-,-,-,-,-,0.6,0.6,0.4,-,-,-,-,-,-,-,115.2,-,-,-,1710372715
EQVVUZ,IWIFFG,u2400238,,,u2400238@anu.edu.au,[MyTT] ComA/18 (Classes 7460/7511);[MyTT] LecB/01 (Classes 7460/7511),-,-,-,-,-,-,0.4,0.4,0.6,-,-,-,-,-,-,-,102.7,-,-,-,1710372715
YJZPUL,RVPZFQ,u2400239,,,u2400239@anu.edu.au,[MyTT] ComA/14 (Classes 7460/7511);[MyTT] LecB/01 (Classes 7460/7511),-,-,-,-,-,-,0.1,0.4,-,-,-,-,-,-,-,-,0,-,-,-,1710372715
SYXRCS,JMTJBO,u2400240,,,u2400240@anu.edu.au,[MyTT] ComA/04 (Classes 7460/7511);[MyTT] LecB/01 (Classes 7460/7511);Lab 8 Option 1 (02) Mon Oct 16 14:00 - 16:00 (HN 1.24),-,-,-,-,-,-,0.5,0.5,0.5,-,-,-,-,-,-,-,108.3,-,-,-,1710372715
VYLKZL,PRSFJW,u2400241,,,u2400241@anu.edu.au,[MyTT] ComA/10 (Classes 7460/7511);[MyTT] LecB/01 (Classes 7460/7511);Lab 8 Option 1 (01) Wed Oct 11 16:00 - 18:00 (CSIT N115/N116),-,-,-,-,-,-,0.6,0.6,0.6,-,-,-,-,-,-,-,112.9,-,-,-,1710372715
JOKORQ,CALASJ,u2400242,,,u2400242@anu.edu.au,[MyTT] LecB/01 (Classes 7460/7511);[MyTT] ComA/07 (Classes 7460/7511),-,-,-,-,-,-,0.4,0.5,0.5,-,-,-,-,-,-,-,100.4,-,-,-,1710372715
EFSYPY,UBFBQW,u2400243,,,u2400243@anu.edu.au,[MyTT] ComA/14 (Classes 7460/7511);Lab 8 Option 1 (01) Wed Oct 11 16:00 - 18:00 (CSIT N115/N116),-,-,-,-,-,-,0.5,0.5,0.6,-,-,-,-,-,-,-,103.1,-,-,-,1710372715
FPGRNO,PXIOPX,u2400244,,,u2400244@anu.edu.au,[MyTT] ComA/11 (Classes 7460/7511);[MyTT] LecB/01 (Classes 7460/7511),-,-,-,-,-,-,0.4,0.5,-,-,-,-,-,-,-,-,114,-,-,-,1710372715
MVVSUS,BXEYZH,u2400245,,,u2400245@anu.edu.au,[MyTT] ComA/05 (Classes 7460/7511);[MyTT] LecB/01 (Classes 7460/7511),-,-,-,-,-,-,0.5,0.6,0.5,-,-,-,-,-,-,-,0,-,-,-,1710372715
LBVNTK,WJQKNI,u2400246,,,u2400246@anu.edu.au,[MyTT] ComA/04 (Classes 7460/7511);[MyTT] LecB/01 (Classes 7460/7511);Lab 8 Option 2 (01) Tue Oct 10 8:00 - 10:00 (CSIT N115/N116),-,-,-,-,-,-,0.5,0.6,-,-,-,-,-,-,-,-,113.2,-,-,-,1710372715
XDKJXX,HLUFNZ,u2400247,,,u2400247@anu.edu.au,[MyTT] ComA/02 (Classes 7460/7511);[MyTT] LecB/01 (Classes 7460/7511);Lab 8 Option 1 (02) Mon Oct 16 14:00 - 16:00 (HN 1.24),-,-,-,-,-,-,0.6,0.6,0.6,-,-,-,-,-,-,-,101.3,-,-,-,1710372715
XERMMT,HGWNRD,u2400248,,,u2400248@anu.edu.au,[MyTT] ComA/17 (Classes 7460/7511);[MyTT] LecB/01 (Classes 7460/7511);Lab 8 Option 1 (02) Mon Oct 16 14:00 - 16:00 (HN 1.24),-,-,-,-,-,-,0.3,0.4,0.4,-,-,-,-,-,-,-,105.8,-,-,-,1710372715
OJXNAB,JEHCSQ,u2400249,,,u2400249@anu.edu.au,[MyTT] ComA/19 (Classes 7460/7511);[MyTT] LecB/01 (Classes 7460/7511),-,-,-,-,-,-,0.4,0.5,0.6,-,-,-,-,-,-,-,108.2,-,-,-,1710372715
BTTZAL,GURXEE,u2400250,,,u2400250@anu.edu.au,[MyTT] ComA/08 (Classes 7460/7511);[MyTT] LecB/01 (Classes 7460/7511);Lab 8 Option 1 (01) Wed Oct 11 16:00 - 18:00 (CSIT N115/N116),-,-,-,-,-,-,0.4,0.6,0.4,-,-,-,-,-,-,-,106.6,-,-,-,1710372715
DDDIYS,NOWYAJ,u2400251,,,u2400251@anu.edu.au,[MyTT] ComA/17 (Classes 7460/7511);[MyTT] LecB/01 (Classes 7460/7511),-,-,-,-,-,-,-,0.6,0.3,-,-,-,-,-,-,-,114.8,-,-,-,1710372715
MJBPZY,LGGPZO,u2400252,,,u2400252@anu.edu.au,[MyTT] ComA/17 (Classes 7460/7511);[MyTT] LecB/01 (Classes 7460/7511),-,-,-,-,-,-,0.3,0.4,0.4,-,-,-,-,-,-,-,103,-,-,-,1710372715
ONCRWN,WYOLQV,u2400253,,,u2400253@anu.edu.au,[MyTT] ComA/09 (Classes 7460/7511);[MyTT] LecB/01 (Classes 7460/7511),-,-,-,-,-,-,0.6,0.6,0.5,-,-,-,-,-,-,-,111.5,-,-,-,1710372715
PWUMEJ,UJMKOZ,u2400254,,,u2400254@anu.edu.au,[MyTT] LecB/01 (Classes 7460/7511);[MyTT] ComA/23 (Classes 7460/7511);Lab 8 Option 3 (01) Thu Oct 12 18:00 - 20:00 (HN 1.24),-,-,-,-,-,-,0.6,0.4,-,-,-,-,-,-,-,-,117.2,-,-,-,1710372715
DOBYBW,TIYSGZ,u2400255,,,u2400255@anu.edu.au,[MyTT] ComA/01 (Classes 7460/7511);[MyTT] LecB/01 (Classes 7460/7511);Supplementary and Deferred Exam,-,-,-,-,-,-,0.4,0.6,0.5,-,-,-,-,-,-,-,101.3,-,-,-,1710372715
QSUMDI,FOGXFI,u2400256,,,u2400256@anu.edu.au,[MyTT] ComA/09 (Classes 7460/7511);[MyTT] LecB/01 (Classes 7460/7511),-,-,-,-,-,-,0.3,0.4,0.6,-,-,-,-,-,-,-,105.5,-,-,-,1710372715
XNLMFH,RZZQUO,u2400257,,,u2400257@anu.edu.au,[MyTT] ComA/06 (Classes 7460/7511);[MyTT] LecB/01 (Classes 7460/7511);Lab 8 Option 3 (02) Mon Oct 16 16:00 - 18:00 (HN 1.24),-,-,-,-,-,-,-,0.5,0.4,-,-,-,-,-,-,-,-,-,-,-,1710372715
VGWYQX,ORANUH,u2400258,,,u2400258@anu.edu.au,[MyTT] ComA/06 (Classes 7460/7511);[MyTT] LecB/01 (Classes 7460/7511);Lab 8 Option 1 (01) Wed Oct 11 16:00 - 18:00 (CSIT N115/N116),-,-,-,-,-,-,-,0.6,0.4,-,-,-,-,-,-,-,-,-,-,-,1710372715
KVNPCY,TINIIO,u2400259,,,u2400259@anu.edu.au,[MyTT] ComA/20 (Classes 7460/7511);[MyTT] LecB/01 (Classes 7460/7511);Lab 8 Option 3 (02) Mon Oct 16 16:00 - 18:00 (HN 1.24),-,-,-,-,-,-,0.5,0.5,0.4,-,-,-,-,-,-,-,113.3,-,-,-,1710372715
YWCPIF,LTIDGE,u2400260,,,u2400260@anu.edu.au,[MyTT] ComA/18 (Classes 7460/7511);[MyTT] LecB/01 (Classes 7460/7511),-,-,-,-,-,-,-,-,-,-,-,-,-,-,-,-,-,-,-,-,1710372715
OHKBPC,YWOLGD,u2400261,,,u2400261@anu.edu.au,[MyTT] ComA/07 (Classes 7460/7511);[MyTT] LecB/01 (Classes 7460/7511),-,-,-,-,-,-,-,-,0.4,-,-,-,-,-,-,-,-,-,-,-,1710372715
ICXLLO,RJIZNW,u2400262,,,u2400262@anu.edu.au,[MyTT] ComA/20 (Classes 7460/7511);[MyTT] LecB/01 (Classes 7460/7511),-,-,-,-,-,-,0.5,0.6,0.5,-,-,-,-,-,-,-,100.4,-,-,-,1710372715
DNQKEN,HMBKTW,u2400263,,,u2400263@anu.edu.au,[MyTT] ComA/02 (Classes 7460/7511);[MyTT] LecB/01 (Classes 7460/7511),-,-,-,-,-,-,0.4,0.5,0.3,-,-,-,-,-,-,-,101.2,-,-,-,1710372715
CJTCQV,SPFPYX,u2400264,,,u2400264@anu.edu.au,[MyTT] ComA/09 (Classes 7460/7511);[MyTT] LecB/01 (Classes 7460/7511),-,-,-,-,-,-,0.3,0.5,0.4,-,-,-,-,-,-,-,114.2,-,-,-,1710372715
GZQKUJ,CVYQPE,u2400265,,,u2400265@anu.edu.au,[MyTT] ComA/02 (Classes 7460/7511);[MyTT] LecB/01 (Classes 7460/7511);Lab 8 Option 1 (02) Mon Oct 16 14:00 - 16:00 (HN 1.24),-,-,-,-,-,-,-,-,-,-,-,-,-,-,-,-,-,-,-,-,1710372715
EHNLWR,EVFHTM,u2400266,,,u2400266@anu.edu.au,[MyTT] ComA/16 (Classes 7460/7511);[MyTT] LecB/01 (Classes 7460/7511);Lab 8 Option 3 (02) Mon Oct 16 16:00 - 18:00 (HN 1.24),-,-,-,-,-,-,-,0.5,0.3,-,-,-,-,-,-,-,112.4,-,-,-,1710372715
LASUEH,KATYYA,u2400267,,,u2400267@anu.edu.au,[MyTT] ComA/17 (Classes 7460/7511);[MyTT] LecB/01 (Classes 7460/7511);Lab 8 Option 3 (01) Thu Oct 12 18:00 - 20:00 (HN 1.24),-,-,-,-,-,-,0.5,0.5,0.5,-,-,-,-,-,-,-,116.8,-,-,-,1710372715
QTVXXG,DQDAKR,u2400268,,,u2400268@anu.edu.au,[MyTT] ComA/16 (Classes 7460/7511);[MyTT] LecB/01 (Classes 7460/7511),-,-,-,-,-,-,-,0.6,0.6,-,-,-,-,-,-,-,106.3,-,-,-,1710372715
UOCYKH,OBONHN,u2400269,,,u2400269@anu.edu.au,[MyTT] LecB/01 (Classes 7460/7511);[MyTT] ComA/25 (Classes 7460/7511);Supplementary and Deferred Exam,-,-,-,-,-,-,0.4,-,0.4,-,-,-,-,-,-,-,117.6,-,-,-,1710372715
ETDNRQ,PAOJWU,u2400270,,,u2400270@anu.edu.au,[MyTT] ComA/04 (Classes 7460/7511);[MyTT] LecB/01 (Classes 7460/7511),-,-,-,-,-,-,0.4,0.5,0.5,-,-,-,-,-,-,-,101.7,-,-,-,1710372715
VABLYP,LHSBXG,u2400271,,,u2400271@anu.edu.au,[MyTT] ComA/15 (Classes 7460/7511);[MyTT] LecB/01 (Classes 7460/7511),-,-,-,-,-,-,0.5,0.6,0.5,-,-,-,-,-,-,-,102.4,-,-,-,1710372715
WOYYQB,QDNPRZ,u2400272,,,u2400272@anu.edu.au,[MyTT] ComA/07 (Classes 7460/7511);[MyTT] LecB/01 (Classes 7460/7511);Lab 8 Option 1 (02) Mon Oct 16 14:00 - 16:00 (HN 1.24);Supplementary and Deferred Exam,-,-,-,-,-,-,0.5,0.4,0.5,-,-,-,-,-,-,-,107.9,-,-,-,1710372715
IDOQZL,IPXBLN,u2400273,,,u2400273@anu.edu.au,[MyTT] ComA/15 (Classes 7460/7511);[MyTT] LecB/01 (Classes 7460/7511);Lab 8 Option 2 (02) Mon Oct 16 12:00 - 14:00 (HN 1.24),-,-,-,-,-,-,0.5,0.6,0.6,-,-,-,-,-,-,-,104.8,-,-,-,1710372715
VRWWIV,ZEOOCT,u2400274,,,u2400274@anu.edu.au,[MyTT] LecB/01 (Classes 7460/7511);[MyTT] ComA/24 (Classes 7460/7511),-,-,-,-,-,-,0.3,0.4,0.6,-,-,-,-,-,-,-,104.4,-,-,-,1710372715
JFXKPI,EZZLZN,u2400275,,,u2400275@anu.edu.au,[MyTT] ComA/03 (Classes 7460/7511);[MyTT] LecB/01 (Classes 7460/7511),-,-,-,-,-,-,0.4,0.6,0.5,-,-,-,-,-,-,-,103.7,-,-,-,1710372715
ITYNKV,RCDQRK,u2400276,,,u2400276@anu.edu.au,[MyTT] ComA/13 (Classes 7460/7511);[MyTT] LecB/01 (Classes 7460/7511);Lab 8 Option 2 (02) Mon Oct 16 12:00 - 14:00 (HN 1.24),-,-,-,-,-,-,0.3,0.5,0.6,-,-,-,-,-,-,-,110,-,-,-,1710372715
HEQXHS,SOEQHZ,u2400277,,,u2400277@anu.edu.au,[MyTT] LecB/01 (Classes 7460/7511);[MyTT] ComA/25 (Classes 7460/7511);Lab 8 Option 3 (01) Thu Oct 12 18:00 - 20:00 (HN 1.24),-,-,-,-,-,-,-,-,-,-,-,-,-,-,-,-,-,-,-,-,1710372715
DRYAAX,HNIKSI,u2400278,,,u2400278@anu.edu.au,[MyTT] ComA/19 (Classes 7460/7511);[MyTT] LecB/01 (Classes 7460/7511);Lab 8 Option 1 (01) Wed Oct 11 16:00 - 18:00 (CSIT N115/N116),-,-,-,-,-,-,0.4,0.4,0.3,-,-,-,-,-,-,-,118.7,-,-,-,1710372715
TGEEAW,HTPDML,u2400279,,,u2400279@anu.edu.au,[MyTT] ComA/04 (Classes 7460/7511);[MyTT] LecB/01 (Classes 7460/7511);Lab 8 Option 1 (02) Mon Oct 16 14:00 - 16:00 (HN 1.24),-,-,-,-,-,-,0.4,0.6,0.4,-,-,-,-,-,-,-,112.5,-,-,-,1710372715
CRUZGD,QREKYD,u2400280,,,u2400280@anu.edu.au,[MyTT] ComA/06 (Classes 7460/7511);[MyTT] LecB/01 (Classes 7460/7511);Lab 8 Option 3 (02) Mon Oct 16 16:00 - 18:00 (HN 1.24),-,-,-,-,-,-,0.3,0.4,0.5,-,-,-,-,-,-,-,104.4,-,-,-,1710372715
HDZKKZ,DGKEFM,u2400281,,,u2400281@anu.edu.au,[MyTT] ComA/19 (Classes 7460/7511);[MyTT] LecB/01 (Classes 7460/7511);Lab 8 Option 3 (01) Thu Oct 12 18:00 - 20:00 (HN 1.24),-,-,-,-,-,-,0.4,-,0.5,-,-,-,-,-,-,-,114.5,-,-,-,1710372715
KFLDUM,PZEHSY,u2400282,,,u2400282@anu.edu.au,[MyTT] ComA/15 (Classes 7460/7511);[MyTT] LecB/01 (Classes 7460/7511);Lab 8 Option 3 (02) Mon Oct 16 16:00 - 18:00 (HN 1.24),-,-,-,-,-,-,0.5,0.6,0.4,-,-,-,-,-,-,-,110.9,-,-,-,1710372715
XRHOFY,VLDJFG,u2400283,,,u2400283@anu.edu.au,[MyTT] ComA/07 (Classes 7460/7511);[MyTT] LecB/01 (Classes 7460/7511),-,-,-,-,-,-,0.3,0.5,0.3,-,-,-,-,-,-,-,119.5,-,-,-,1710372715
LNAPXF,QJDFJT,u2400284,,,u2400284@anu.edu.au,[MyTT] ComA/08 (Classes 7460/7511);[MyTT] LecB/01 (Classes 7460/7511),-,-,-,-,-,-,0.5,0.5,0.3,-,-,-,-,-,-,-,112.2,-,-,-,1710372715
QZPEVP,HFEXIC,u2400285,,,u2400285@anu.edu.au,[MyTT] ComA/15 (Classes 7460/7511);[MyTT] LecB/01 (Classes 7460/7511);Supplementary and Deferred Exam;Supp Special Exam Arrangements,-,-,-,-,-,-,0.4,0.6,0.5,-,-,-,-,-,-,-,110,-,-,-,1710372715
JIHMBD,JOEIJM,u2400286,,,u2400286@anu.edu.au,[MyTT] ComA/03 (Classes 7460/7511);[MyTT] LecB/01 (Classes 7460/7511),-,-,-,-,-,-,0.3,0.5,0.4,-,-,-,-,-,-,-,-,-,-,-,1710372715
GSRYLR,XOKLFS,u2400287,,,u2400287@anu.edu.au,[MyTT] ComA/09 (Classes 7460/7511);[MyTT] LecB/01 (Classes 7460/7511),-,-,-,-,-,-,-,-,-,-,-,-,-,-,-,-,119.8,-,-,-,1710372715
UFGFRH,WNURDD,u2400288,,,u2400288@anu.edu.au,[MyTT] ComA/04 (Classes 7460/7511);[MyTT] LecB/01 (Classes 7460/7511);Lab 8 Option 1 (02) Mon Oct 16 14:00 - 16:00 (HN 1.24),-,-,-,-,-,-,-,-,-,-,-,-,-,-,-,-,-,-,-,-,1710372715
FKYCRH,NNVWND,u2400289,,,u2400289@anu.edu.au,[MyTT] ComA/20 (Classes 7460/7511);[MyTT] LecB/01 (Classes 7460/7511),-,-,-,-,-,-,-,0.6,0.3,-,-,-,-,-,-,-,118.5,-,-,-,1710372715
POMPNR,UUUDVA,u2400290,,,u2400290@anu.edu.au,[MyTT] ComA/08 (Classes 7460/7511);[MyTT] LecB/01 (Classes 7460/7511),-,-,-,-,-,-,0.5,0.4,0.6,-,-,-,-,-,-,-,116.6,-,-,-,1710372715
HKRKLT,DNTCOP,u2400291,,,u2400291@anu.edu.au,[MyTT] ComA/16 (Classes 7460/7511);[MyTT] LecB/01 (Classes 7460/7511);Lab 8 Option 1 (02) Mon Oct 16 14:00 - 16:00 (HN 1.24),-,-,-,-,-,-,0.3,0.5,-,-,-,-,-,-,-,-,76.7,-,-,-,1710372715
DCBBVM,VWXGFR,u2400292,,,u2400292@anu.edu.au,[MyTT] ComA/15 (Classes 7460/7511);[MyTT] LecB/01 (Classes 7460/7511),-,-,-,-,-,-,-,0.6,-,-,-,-,-,-,-,-,111.7,-,-,-,1710372715
PJBDNH,MFEQCK,u2400293,,,u2400293@anu.edu.au,[MyTT] ComA/19 (Classes 7460/7511);[MyTT] LecB/01 (Classes 7460/7511);Lab 8 Option 2 (02) Mon Oct 16 12:00 - 14:00 (HN 1.24),-,-,-,-,-,-,0.5,0.5,0.6,-,-,-,-,-,-,-,113.3,-,-,-,1710372715
FRKFZJ,FYLNAL,u2400294,,,u2400294@anu.edu.au,[MyTT] ComA/09 (Classes 7460/7511);[MyTT] LecB/01 (Classes 7460/7511),-,-,-,-,-,-,-,-,-,-,-,-,-,-,-,-,0,-,-,-,1710372715
AUDYOS,NMCAQQ,u2400295,,,u2400295@anu.edu.au,[MyTT] ComA/04 (Classes 7460/7511);[MyTT] LecB/01 (Classes 7460/7511);Supplementary and Deferred Exam,-,-,-,-,-,-,-,0.5,0.3,-,-,-,-,-,-,-,102.1,-,-,-,1710372715
DLNISM,XSISYP,u2400296,,,u2400296@anu.edu.au,[MyTT] ComA/06 (Classes 7460/7511);[MyTT] LecB/01 (Classes 7460/7511),-,-,-,-,-,-,0.5,0.6,0.5,-,-,-,-,-,-,-,104.4,-,-,-,1710372715
ONYGRU,YOEFUI,u2400297,,,u2400297@anu.edu.au,[MyTT] ComA/11 (Classes 7460/7511);[MyTT] LecB/01 (Classes 7460/7511),-,-,-,-,-,-,0.6,0.5,0.3,-,-,-,-,-,-,-,102.5,-,-,-,1710372715
IEFURC,MNPJIH,u2400298,,,u2400298@anu.edu.au,[MyTT] ComA/14 (Classes 7460/7511);[MyTT] LecB/01 (Classes 7460/7511),-,-,-,-,-,-,0.4,0.4,0.4,-,-,-,-,-,-,-,104.7,-,-,-,1710372715
KLYGUL,IIHQHK,u2400299,,,u2400299@anu.edu.au,[MyTT] ComA/20 (Classes 7460/7511);[MyTT] LecB/01 (Classes 7460/7511),-,-,-,-,-,-,0.4,0.4,0.4,-,-,-,-,-,-,-,-,-,-,-,1710372715
ZGGOAS,BDABVD,u2400300,,,u2400300@anu.edu.au,[MyTT] ComA/05 (Classes 7460/7511);[MyTT] LecB/01 (Classes 7460/7511),-,-,-,-,-,-,0.4,0,0.1,-,-,-,-,-,-,-,117.3,-,-,-,1710372715
EBCIJA,UUGIRT,u2400301,,,u2400301@anu.edu.au,[MyTT] ComA/04 (Classes 7460/7511);[MyTT] LecB/01 (Classes 7460/7511);Supplementary and Deferred Exam,-,-,-,-,-,-,0.3,0.5,0.6,-,-,-,-,-,-,-,113.7,-,-,-,1710372715
AROBZA,EXVASZ,u2400302,,,u2400302@anu.edu.au,[MyTT] LecB/01 (Classes 7460/7511);[MyTT] ComA/24 (Classes 7460/7511);Supplementary and Deferred Exam,-,-,-,-,-,-,0.6,0.6,-,-,-,-,-,-,-,-,114.2,-,-,-,1710372715
QUAGSO,KCCWSS,u2400303,,,u2400303@anu.edu.au,[MyTT] ComA/03 (Classes 7460/7511);[MyTT] LecB/01 (Classes 7460/7511);Lab 8 Option 2 (02) Mon Oct 16 12:00 - 14:00 (HN 1.24),-,-,-,-,-,-,-,0.6,0.4,-,-,-,-,-,-,-,103.1,-,-,-,1710372715
VOGWYZ,OUFOEQ,u2400304,,,u2400304@anu.edu.au,[MyTT] ComA/11 (Classes 7460/7511);[MyTT] LecB/01 (Classes 7460/7511),-,-,-,-,-,-,0.5,0.6,0.5,-,-,-,-,-,-,-,113.9,-,-,-,1710372715
CBPDBN,JWIKNQ,u2400305,,,u2400305@anu.edu.au,[MyTT] ComA/11 (Classes 7460/7511);[MyTT] LecB/01 (Classes 7460/7511),-,-,-,-,-,-,-,0.5,-,-,-,-,-,-,-,-,0,-,-,-,1710372715
SAFDUU,RCUOIE,u2400306,,,u2400306@anu.edu.au,[MyTT] LecB/01 (Classes 7460/7511);[MyTT] ComA/21 (Classes 7460/7511),-,-,-,-,-,-,0.5,0.6,0.4,-,-,-,-,-,-,-,116.3,-,-,-,1710372715
EWSSZT,QHTZZY,u2400307,,,u2400307@anu.edu.au,[MyTT] ComA/05 (Classes 7460/7511);[MyTT] LecB/01 (Classes 7460/7511),-,-,-,-,-,-,0.6,0.5,0.4,-,-,-,-,-,-,-,109.2,-,-,-,1710372715
BCRNNP,WNTJYG,u2400308,,,u2400308@anu.edu.au,[MyTT] ComA/06 (Classes 7460/7511);[MyTT] LecB/01 (Classes 7460/7511),-,-,-,-,-,-,0.6,0.5,0.6,-,-,-,-,-,-,-,118,-,-,-,1710372715
DGLEDD,LEDIUX,u2400309,,,u2400309@anu.edu.au,[MyTT] LecB/01 (Classes 7460/7511);[MyTT] ComA/22 (Classes 7460/7511),-,-,-,-,-,-,0.2,0.6,0.6,-,-,-,-,-,-,-,104.7,-,-,-,1710372715
PSVVYG,PZCHMN,u2400310,,,u2400310@anu.edu.au,[MyTT] LecB/01 (Classes 7460/7511);[MyTT] ComA/21 (Classes 7460/7511);Lab 8 Option 1 (02) Mon Oct 16 14:00 - 16:00 (HN 1.24),-,-,-,-,-,-,0.1,-,-,-,-,-,-,-,-,-,104.4,-,-,-,1710372715
VZCDWP,WRUNDJ,u2400311,,,u2400311@anu.edu.au,[MyTT] ComA/19 (Classes 7460/7511);[MyTT] LecB/01 (Classes 7460/7511);Supplementary and Deferred Exam,-,-,-,-,-,-,0.5,-,0.2,-,-,-,-,-,-,-,109,-,-,-,1710372715
MLKLDT,XJZGND,u2400312,,,u2400312@anu.edu.au,[MyTT] ComA/03 (Classes 7460/7511);[MyTT] LecB/01 (Classes 7460/7511);Lab 8 Option 2 (02) Mon Oct 16 12:00 - 14:00 (HN 1.24),-,-,-,-,-,-,0.5,0.5,0.5,-,-,-,-,-,-,-,0,-,-,-,1710372715
USJIFZ,KALYWY,u2400313,,,u2400313@anu.edu.au,[MyTT] ComA/19 (Classes 7460/7511);[MyTT] LecB/01 (Classes 7460/7511),-,-,-,-,-,-,0.4,0.6,0.6,-,-,-,-,-,-,-,119.5,-,-,-,1710372715
LNWBYU,THAPSH,u2400314,,,u2400314@anu.edu.au,[MyTT] LecB/01 (Classes 7460/7511);[MyTT] ComA/22 (Classes 7460/7511);Lab 8 Option 1 (02) Mon Oct 16 14:00 - 16:00 (HN 1.24),-,-,-,-,-,-,-,0.5,0.3,-,-,-,-,-,-,-,102,-,-,-,1710372715
VJBMKX,VMPGVM,u2400315,,,u2400315@anu.edu.au,[MyTT] ComA/03 (Classes 7460/7511);[MyTT] LecB/01 (Classes 7460/7511),-,-,-,-,-,-,0.4,0.5,0.4,-,-,-,-,-,-,-,71.9,-,-,-,1710372715
OFJQDL,TXGPBP,u2400316,,,u2400316@anu.edu.au,[MyTT] ComA/02 (Classes 7460/7511);[MyTT] LecB/01 (Classes 7460/7511),-,-,-,-,-,-,0.4,0.5,0.5,-,-,-,-,-,-,-,-,-,-,-,1710372715
QFZUYT,YJGOGB,u2400317,,,u2400317@anu.edu.au,[MyTT] ComA/15 (Classes 7460/7511);[MyTT] LecB/01 (Classes 7460/7511),-,-,-,-,-,-,0.3,-,-,-,-,-,-,-,-,-,0,-,-,-,1710372715
HQHFNH,TRWLEX,u2400318,,,u2400318@anu.edu.au,[MyTT] ComA/10 (Classes 7460/7511);[MyTT] LecB/01 (Classes 7460/7511),-,-,-,-,-,-,0.5,0.6,0.5,-,-,-,-,-,-,-,102.9,-,-,-,1710372715
NMZUVK,TFEUPV,u2400319,,,u2400319@anu.edu.au,[MyTT] LecB/01 (Classes 7460/7511);[MyTT] ComA/24 (Classes 7460/7511),-,-,-,-,-,-,0.4,-,-,-,-,-,-,-,-,-,-,-,-,-,1710372715
KHEKYZ,AAWUNZ,u2400320,,,u2400320@anu.edu.au,[MyTT] ComA/17 (Classes 7460/7511);[MyTT] LecB/01 (Classes 7460/7511);Supplementary and Deferred Exam;Remote,-,-,-,-,-,-,0.6,0.6,0.5,-,-,-,-,-,-,-,-,-,-,-,1710372715
UDKFVH,EFIOEC,u2400321,,,u2400321@anu.edu.au,[MyTT] ComA/19 (Classes 7460/7511);[MyTT] LecB/01 (Classes 7460/7511);Lab 8 Option 3 (02) Mon Oct 16 16:00 - 18:00 (HN 1.24),-,-,-,-,-,-,0.4,0.6,0.2,-,-,-,-,-,-,-,100.3,-,-,-,1710372715
DRUQLC,UODNZY,u2400322,,,u2400322@anu.edu.au,[MyTT] ComA/10 (Classes 7460/7511);[MyTT] LecB/01 (Classes 7460/7511);Lab 8 Option 1 (01) Wed Oct 11 16:00 - 18:00 (CSIT N115/N116),-,-,-,-,-,-,0.6,0.5,0.5,-,-,-,-,-,-,-,116,-,-,-,1710372715
GKVJPC,FWSOIE,u2400323,,,u2400323@anu.edu.au,[MyTT] ComA/20 (Classes 7460/7511);[MyTT] LecB/01 (Classes 7460/7511),-,-,-,-,-,-,0.5,0.5,0.4,-,-,-,-,-,-,-,112.7,-,-,-,1710372715
SONLQO,NJYXHO,u2400324,,,u2400324@anu.edu.au,[MyTT] ComA/05 (Classes 7460/7511);[MyTT] LecB/01 (Classes 7460/7511);Lab 8 Option 2 (01) Tue Oct 10 8:00 - 10:00 (CSIT N115/N116),-,-,-,-,-,-,-,0.3,0.4,-,-,-,-,-,-,-,112.9,-,-,-,1710372716
ZEQOSL,QYERJM,u2400325,,,u2400325@anu.edu.au,[MyTT] LecB/01 (Classes 7460/7511);[MyTT] ComA/23 (Classes 7460/7511),-,-,-,-,-,-,0.6,0.6,0.4,-,-,-,-,-,-,-,-,-,-,-,1710372716
SXZMBM,KHEBVX,u2400326,,,u2400326@anu.edu.au,[MyTT] ComA/20 (Classes 7460/7511);[MyTT] LecB/01 (Classes 7460/7511),-,-,-,-,-,-,-,-,-,-,-,-,-,-,-,-,-,-,-,-,1710372716
SUGHJT,XNIMXW,u2400327,,,u2400327@anu.edu.au,[MyTT] ComA/04 (Classes 7460/7511);[MyTT] LecB/01 (Classes 7460/7511);Supplementary and Deferred Exam,-,-,-,-,-,-,0.6,0.6,0.6,-,-,-,-,-,-,-,103.7,-,-,-,1710372716
KJAGRL,IDIAMJ,u2400328,,,u2400328@anu.edu.au,[MyTT] ComA/17 (Classes 7460/7511);[MyTT] LecB/01 (Classes 7460/7511);Lab 8 Option 3 (01) Thu Oct 12 18:00 - 20:00 (HN 1.24),-,-,-,-,-,-,0.4,0.5,0.5,-,-,-,-,-,-,-,106.9,-,-,-,1710372716
VRIOOY,LLQDQK,u2400329,,,u2400329@anu.edu.au,[MyTT] ComA/01 (Classes 7460/7511);[MyTT] LecB/01 (Classes 7460/7511),-,-,-,-,-,-,0.2,0.6,0.6,-,-,-,-,-,-,-,111.4,-,-,-,1710372716
QQLBCL,MXNAAI,u2400330,,,u2400330@anu.edu.au,[MyTT] ComA/02 (Classes 7460/7511);[MyTT] LecB/01 (Classes 7460/7511);Lab 8 Option 2 (02) Mon Oct 16 12:00 - 14:00 (HN 1.24),-,-,-,-,-,-,0.5,0.6,0.3,-,-,-,-,-,-,-,101,-,-,-,1710372716
AMMRZO,GTUHZD,u2400331,,,u2400331@anu.edu.au,[MyTT] ComA/01 (Classes 7460/7511);[MyTT] LecB/01 (Classes 7460/7511);Lab 8 Option 2 (01) Tue Oct 10 8:00 - 10:00 (CSIT N115/N116),-,-,-,-,-,-,0.6,-,0.4,-,-,-,-,-,-,-,112.1,-,-,-,1710372716
TUUQMA,VIEJJF,u2400332,,,u2400332@anu.edu.au,[MyTT] ComA/04 (Classes 7460/7511);[MyTT] LecB/01 (Classes 7460/7511),-,-,-,-,-,-,-,0.6,-,-,-,-,-,-,-,-,117.3,-,-,-,1710372716
QXJCQU,QSIJRQ,u2400333,,,u2400333@anu.edu.au,[MyTT] ComA/13 (Classes 7460/7511);[MyTT] LecB/01 (Classes 7460/7511);Lab 8 Option 2 (02) Mon Oct 16 12:00 - 14:00 (HN 1.24),-,-,-,-,-,-,0.5,0.4,-,-,-,-,-,-,-,-,0,-,-,-,1710372716
YMKRAS,GZUVRK,u2400334,,,u2400334@anu.edu.au,[MyTT] ComA/15 (Classes 7460/7511);[MyTT] LecB/01 (Classes 7460/7511),-,-,-,-,-,-,0.6,0.4,0.6,-,-,-,-,-,-,-,115.6,-,-,-,1710372716
DENPFE,EKOCFT,u2400335,,,u2400335@anu.edu.au,[MyTT] LecB/01 (Classes 7460/7511);[MyTT] ComA/24 (Classes 7460/7511);Lab 8 Option 2 (01) Tue Oct 10 8:00 - 10:00 (CSIT N115/N116);Lab 8 Option 3 (02) Mon Oct 16 16:00 - 18:00 (HN 1.24),-,-,-,-,-,-,0.5,0.5,0.4,-,-,-,-,-,-,-,104.8,-,-,-,1710372716
XOVWEV,ZVLTOT,u2400336,,,u2400336@anu.edu.au,[MyTT] LecB/01 (Classes 7460/7511);[MyTT] ComA/24 (Classes 7460/7511),-,-,-,-,-,-,0.5,0.6,0.5,-,-,-,-,-,-,-,106.1,-,-,-,1710372716
SWLRAI,TWKVUB,u2400337,,,u2400337@anu.edu.au,[MyTT] ComA/10 (Classes 7460/7511);[MyTT] LecB/01 (Classes 7460/7511),-,-,-,-,-,-,0.3,0.6,-,-,-,-,-,-,-,-,116.4,-,-,-,1710372716
QXJBUF,ARJGVH,u2400338,,,u2400338@anu.edu.au,[MyTT] ComA/15 (Classes 7460/7511);[MyTT] LecB/01 (Classes 7460/7511),-,-,-,-,-,-,-,0.6,0.5,-,-,-,-,-,-,-,113.5,-,-,-,1710372716
DBTCWE,EAPAUG,u2400339,,,u2400339@anu.edu.au,[MyTT] ComA/01 (Classes 7460/7511);[MyTT] LecB/01 (Classes 7460/7511),-,-,-,-,-,-,0.5,0.4,0.3,-,-,-,-,-,-,-,75.1,-,-,-,1710372716
USPCDA,ZHFGFO,u2400340,,,u2400340@anu.edu.au,[MyTT] ComA/02 (Classes 7460/7511);[MyTT] LecB/01 (Classes 7460/7511),-,-,-,-,-,-,-,-,-,-,-,-,-,-,-,-,0,-,-,-,1710372716
IRBOYE,QUTJCX,u2400341,,,u2400341@anu.edu.au,[MyTT] ComA/06 (Classes 7460/7511);[MyTT] LecB/01 (Classes 7460/7511),-,-,-,-,-,-,-,-,-,-,-,-,-,-,-,-,-,-,-,-,1710372716
SWXNRF,TIOEYS,u2400342,,,u2400342@anu.edu.au,[MyTT] ComA/05 (Classes 7460/7511);[MyTT] LecB/01 (Classes 7460/7511),-,-,-,-,-,-,0.5,0.5,0.3,-,-,-,-,-,-,-,103.9,-,-,-,1710372716
WYQNRW,KBPLOV,u2400343,,,u2400343@anu.edu.au,[MyTT] ComA/10 (Classes 7460/7511);[MyTT] LecB/01 (Classes 7460/7511);Supplementary and Deferred Exam,-,-,-,-,-,-,0.4,-,0.3,-,-,-,-,-,-,-,114.2,-,-,-,1710372716
TGLQLM,JHVEFB,u2400344,,,u2400344@anu.edu.au,[MyTT] ComA/16 (Classes 7460/7511);[MyTT] LecB/01 (Classes 7460/7511),-,-,-,-,-,-,-,-,-,-,-,-,-,-,-,-,-,-,-,-,1710372716
MHOBOM,PWNHTZ,u2400345,,,u2400345@anu.edu.au,[MyTT] LecB/01 (Classes 7460/7511);[MyTT] ComA/24 (Classes 7460/7511),-,-,-,-,-,-,0.6,0.5,0.4,-,-,-,-,-,-,-,114.4,-,-,-,1710372716
CFQEPP,TDZJVM,u2400346,,,u2400346@anu.edu.au,[MyTT] ComA/02 (Classes 7460/7511);[MyTT] LecB/01 (Classes 7460/7511),-,-,-,-,-,-,0.4,0.4,0.3,-,-,-,-,-,-,-,113.7,-,-,-,1710372716
PSVHJN,CJBAYL,u2400347,,,u2400347@anu.edu.au,[MyTT] ComA/04 (Classes 7460/7511);[MyTT] LecB/01 (Classes 7460/7511),-,-,-,-,-,-,0.5,0.5,0.4,-,-,-,-,-,-,-,111.5,-,-,-,1710372716
BKJEHP,WLUIQC,u2400348,,,u2400348@anu.edu.au,[MyTT] ComA/02 (Classes 7460/7511);[MyTT] LecB/01 (Classes 7460/7511),-,-,-,-,-,-,0.5,0.6,0.6,-,-,-,-,-,-,-,119.2,-,-,-,1710372716
YKPCWL,QIIWQT,u2400349,,,u2400349@anu.edu.au,[MyTT] ComA/10 (Classes 7460/7511);[MyTT] LecB/01 (Classes 7460/7511);Supplementary and Deferred Exam;Remote,-,-,-,-,-,-,0.5,0.5,0.5,-,-,-,-,-,-,-,108.8,-,-,-,1710372716
GIPNFX,OKWLED,u2400350,,,u2400350@anu.edu.au,[MyTT] ComA/19 (Classes 7460/7511);[MyTT] LecB/01 (Classes 7460/7511),-,-,-,-,-,-,0.4,0.5,0.3,-,-,-,-,-,-,-,111.5,-,-,-,1710372716
ZZFFMW,GJCZWO,u2400351,,,u2400351@anu.edu.au,[MyTT] LecB/01 (Classes 7460/7511);[MyTT] ComA/25 (Classes 7460/7511);Lab 8 Option 3 (01) Thu Oct 12 18:00 - 20:00 (HN 1.24),-,-,-,-,-,-,0.5,0.6,0.6,-,-,-,-,-,-,-,114.7,-,-,-,1710372716
IHHSWU,GQNFKC,u2400352,,,u2400352@anu.edu.au,[MyTT] ComA/18 (Classes 7460/7511);[MyTT] LecB/01 (Classes 7460/7511);Lab 8 Option 1 (01) Wed Oct 11 16:00 - 18:00 (CSIT N115/N116),-,-,-,-,-,-,0.5,0.6,0.4,-,-,-,-,-,-,-,104,-,-,-,1710372716
RMVRZF,IOPOCJ,u2400353,,,u2400353@anu.edu.au,[MyTT] ComA/03 (Classes 7460/7511);[MyTT] LecB/01 (Classes 7460/7511);Lab 8 Option 2 (01) Tue Oct 10 8:00 - 10:00 (CSIT N115/N116),-,-,-,-,-,-,0.4,0.5,0.4,-,-,-,-,-,-,-,100.9,-,-,-,1710372716
DOXTGY,OATEDN,u2400354,,,u2400354@anu.edu.au,[MyTT] LecB/01 (Classes 7460/7511);[MyTT] ComA/24 (Classes 7460/7511),-,-,-,-,-,-,0.6,0.6,0.4,-,-,-,-,-,-,-,-,-,-,-,1710372716
NGBKMZ,LJFJBY,u2400355,,,u2400355@anu.edu.au,[MyTT] ComA/10 (Classes 7460/7511);[MyTT] LecB/01 (Classes 7460/7511),-,-,-,-,-,-,0.6,0.6,0.4,-,-,-,-,-,-,-,104.6,-,-,-,1710372716
BYVPOA,XBDVHU,u2400356,,,u2400356@anu.edu.au,[MyTT] LecB/01 (Classes 7460/7511);[MyTT] ComA/22 (Classes 7460/7511);Lab 8 Option 3 (01) Thu Oct 12 18:00 - 20:00 (HN 1.24);Supplementary and Deferred Exam;Supp Special Exam Arrangements,-,-,-,-,-,-,-,0.6,0.3,-,-,-,-,-,-,-,100.9,-,-,-,1710372716
OIMWPH,LEVXQY,u2400357,,,u2400357@anu.edu.au,[MyTT] LecB/01 (Classes 7460/7511);[MyTT] ComA/22 (Classes 7460/7511);Lab 8 Option 2 (02) Mon Oct 16 12:00 - 14:00 (HN 1.24),-,-,-,-,-,-,0.5,0.5,-,-,-,-,-,-,-,-,115.6,-,-,-,1710372716
QXBBMV,MYOOYR,u2400358,,,u2400358@anu.edu.au,[MyTT] ComA/19 (Classes 7460/7511);[MyTT] LecB/01 (Classes 7460/7511),-,-,-,-,-,-,0.4,0.4,0.3,-,-,-,-,-,-,-,107.2,-,-,-,1710372716
KJVVSV,CMMPGS,u2400359,,,u2400359@anu.edu.au,[MyTT] ComA/01 (Classes 7460/7511);[MyTT] LecB/01 (Classes 7460/7511);Lab 8 Option 2 (01) Tue Oct 10 8:00 - 10:00 (CSIT N115/N116),-,-,-,-,-,-,0.6,0.6,0.5,-,-,-,-,-,-,-,104.9,-,-,-,1710372716
YTYTHY,VCCNCR,u2400360,,,u2400360@anu.edu.au,[MyTT] ComA/14 (Classes 7460/7511);[MyTT] LecB/01 (Classes 7460/7511),-,-,-,-,-,-,0.2,0.4,0.3,-,-,-,-,-,-,-,104.1,-,-,-,1710372716
YZGVSS,ODKGPO,u2400361,,,u2400361@anu.edu.au,[MyTT] ComA/05 (Classes 7460/7511);[MyTT] LecB/01 (Classes 7460/7511),-,-,-,-,-,-,-,-,-,-,-,-,-,-,-,-,-,-,-,-,1710372716
CDVAZG,MXFMFM,u2400362,,,u2400362@anu.edu.au,[MyTT] ComA/01 (Classes 7460/7511);[MyTT] LecB/01 (Classes 7460/7511);Lab 8 Option 3 (02) Mon Oct 16 16:00 - 18:00 (HN 1.24),-,-,-,-,-,-,0.5,0.5,0.4,-,-,-,-,-,-,-,110.3,-,-,-,1710372716
UNOULU,AUYPCK,u2400363,,,u2400363@anu.edu.au,[MyTT] ComA/09 (Classes 7460/7511);[MyTT] LecB/01 (Classes 7460/7511),-,-,-,-,-,-,0.4,0.4,0.5,-,-,-,-,-,-,-,116,-,-,-,1710372716
BETZYX,ASWIED,u2400364,,,u2400364@anu.edu.au,[MyTT] ComA/19 (Classes 7460/7511);[MyTT] LecB/01 (Classes 7460/7511),-,-,-,-,-,-,0.6,0.6,0.5,-,-,-,-,-,-,-,108.3,-,-,-,1710372716
UHSXLC,MERSIP,u2400365,,,u2400365@anu.edu.au,[MyTT] ComA/17 (Classes 7460/7511);[MyTT] LecB/01 (Classes 7460/7511),-,-,-,-,-,-,0.3,0.4,-,-,-,-,-,-,-,-,111.2,-,-,-,1710372716
EDSHEC,KSYDNE,u2400366,,,u2400366@anu.edu.au,[MyTT] ComA/05 (Classes 7460/7511);[MyTT] LecB/01 (Classes 7460/7511);Lab 8 Option 1 (02) Mon Oct 16 14:00 - 16:00 (HN 1.24);Lab 8 Option 3 (01) Thu Oct 12 18:00 - 20:00 (HN 1.24),-,-,-,-,-,-,0.6,0.6,0.4,-,-,-,-,-,-,-,35.7,-,-,-,1710372716
WMOBQP,AEVQDH,u2400367,,,u2400367@anu.edu.au,[MyTT] ComA/13 (Classes 7460/7511);[MyTT] LecB/01 (Classes 7460/7511);Lab 8 Option 3 (01) Thu Oct 12 18:00 - 20:00 (HN 1.24),-,-,-,-,-,-,0.5,0.5,0.3,-,-,-,-,-,-,-,118,-,-,-,1710372716
HYWJGC,VCYEKS,u2400368,,,u2400368@anu.edu.au,[MyTT] LecB/01 (Classes 7460/7511);[MyTT] ComA/25 (Classes 7460/7511),-,-,-,-,-,-,0.4,0.6,0.4,-,-,-,-,-,-,-,117.3,-,-,-,1710372716
XCNQRJ,XISYHT,u2400369,,,u2400369@anu.edu.au,[MyTT] ComA/15 (Classes 7460/7511);[MyTT] LecB/01 (Classes 7460/7511),-,-,-,-,-,-,0.4,0.5,0.4,-,-,-,-,-,-,-,106.5,-,-,-,1710372716
TZTGXA,CQXKSG,u2400370,,,u2400370@anu.edu.au,[MyTT] ComA/10 (Classes 7460/7511);[MyTT] LecB/01 (Classes 7460/7511),-,-,-,-,-,-,0.6,0.5,-,-,-,-,-,-,-,-,106.7,-,-,-,1710372716
FFNWNT,MCTQDM,u2400371,,,u2400371@anu.edu.au,[MyTT] ComA/01 (Classes 7460/7511);[MyTT] LecB/01 (Classes 7460/7511);Lab 8 Option 3 (02) Mon Oct 16 16:00 - 18:00 (HN 1.24),-,-,-,-,-,-,0.5,0.5,0.4,-,-,-,-,-,-,-,107.4,-,-,-,1710372716
BZTINJ,GXKJXV,u2400372,,,u2400372@anu.edu.au,[MyTT] ComA/10 (Classes 7460/7511);[MyTT] LecB/01 (Classes 7460/7511),-,-,-,-,-,-,0.4,0.5,0.4,-,-,-,-,-,-,-,100.4,-,-,-,1710372716
VBRFNX,LNQTRW,u2400373,,,u2400373@anu.edu.au,[MyTT] ComA/12 (Classes 7460/7511);[MyTT] LecB/01 (Classes 7460/7511),-,-,-,-,-,-,0.5,-,0.5,-,-,-,-,-,-,-,101.5,-,-,-,1710372716
SBNKIV,GNUDTO,u2400374,,,u2400374@anu.edu.au,[MyTT] ComA/07 (Classes 7460/7511);[MyTT] LecB/01 (Classes 7460/7511),-,-,-,-,-,-,0.5,0.5,0.6,-,-,-,-,-,-,-,111.9,-,-,-,1710372716
RTTDXV,CKVJPM,u2400375,,,u2400375@anu.edu.au,[MyTT] ComA/03 (Classes 7460/7511);[MyTT] LecB/01 (Classes 7460/7511),-,-,-,-,-,-,-,0.6,-,-,-,-,-,-,-,-,-,-,-,-,1710372716
MSKRKX,PDIBVK,u2400376,,,u2400376@anu.edu.au,[MyTT] ComA/12 (Classes 7460/7511);[MyTT] LecB/01 (Classes 7460/7511);Lab 8 Option 3 (02) Mon Oct 16 16:00 - 18:00 (HN 1.24),-,-,-,-,-,-,0.4,0.5,-,-,-,-,-,-,-,-,0,-,-,-,1710372716
CIVAPX,CHOVAG,u2400377,,,u2400377@anu.edu.au,[MyTT] ComA/07 (Classes 7460/7511);[MyTT] LecB/01 (Classes 7460/7511),-,-,-,-,-,-,0.6,-,0.5,-,-,-,-,-,-,-,105.7,-,-,-,1710372716
PXFGTW,NZFINT,u2400378,,,u2400378@anu.edu.au,[MyTT] ComA/19 (Classes 7460/7511);[MyTT] LecB/01 (Classes 7460/7511),-,-,-,-,-,-,0.5,0.6,0.5,-,-,-,-,-,-,-,115,-,-,-,1710372716
NHCAUG,SZLMJK,u2400379,,,u2400379@anu.edu.au,[MyTT] ComA/20 (Classes 7460/7511);[MyTT] LecB/01 (Classes 7460/7511),-,-,-,-,-,-,0.5,0.5,0.5,-,-,-,-,-,-,-,106.3,-,-,-,1710372716
GHJIDZ,JJIYFY,u2400380,,,u2400380@anu.edu.au,[MyTT] ComA/17 (Classes 7460/7511);[MyTT] LecB/01 (Classes 7460/7511),-,-,-,-,-,-,0.2,0.5,0.2,-,-,-,-,-,-,-,112,-,-,-,1710372716
IESNYK,VWIYPI,u2400381,,,u2400381@anu.edu.au,[MyTT] ComA/01 (Classes 7460/7511);[MyTT] LecB/01 (Classes 7460/7511);Lab 8 Option 3 (01) Thu Oct 12 18:00 - 20:00 (HN 1.24),-,-,-,-,-,-,0.5,0.6,0.4,-,-,-,-,-,-,-,53.6,-,-,-,1710372716
ROCKFH,HSXWUA,u2400382,,,u2400382@anu.edu.au,[MyTT] ComA/18 (Classes 7460/7511);[MyTT] LecB/01 (Classes 7460/7511),-,-,-,-,-,-,0,0.6,0.4,-,-,-,-,-,-,-,115.4,-,-,-,1710372716
UFUDFH,XPQVIE,u2400383,,,u2400383@anu.edu.au,[MyTT] ComA/10 (Classes 7460/7511);[MyTT] LecB/01 (Classes 7460/7511),-,-,-,-,-,-,0.3,0.6,0.6,-,-,-,-,-,-,-,109.6,-,-,-,1710372716
EDXVOP,DKIGMY,u2400384,,,u2400384@anu.edu.au,[MyTT] ComA/03 (Classes 7460/7511);[MyTT] LecB/01 (Classes 7460/7511),-,-,-,-,-,-,0.5,0.5,0.5,-,-,-,-,-,-,-,103,-,-,-,1710372716
GOWBWJ,THKCIE,u2400385,,,u2400385@anu.edu.au,[MyTT] ComA/04 (Classes 7460/7511);[MyTT] LecB/01 (Classes 7460/7511);Supplementary and Deferred Exam,-,-,-,-,-,-,0.5,0.6,0.6,-,-,-,-,-,-,-,116.8,-,-,-,1710372716
HMZEPX,IWWOKA,u2400386,,,u2400386@anu.edu.au,[MyTT] ComA/18 (Classes 7460/7511);[MyTT] LecB/01 (Classes 7460/7511);Supplementary and Deferred Exam,-,-,-,-,-,-,0.1,0.5,0.4,-,-,-,-,-,-,-,-,-,-,-,1710372716
KGWLZW,MKKNTX,u2400387,,,u2400387@anu.edu.au,[MyTT] ComA/01 (Classes 7460/7511);[MyTT] LecB/01 (Classes 7460/7511),-,-,-,-,-,-,0.6,0.5,0.3,-,-,-,-,-,-,-,101.8,-,-,-,1710372716
BMHTLM,DLPIFG,u2400388,,,u2400388@anu.edu.au,[MyTT] ComA/09 (Classes 7460/7511);[MyTT] LecB/01 (Classes 7460/7511),-,-,-,-,-,-,0.4,0.6,0.5,-,-,-,-,-,-,-,106.3,-,-,-,1710372716
JDJIHC,PZYHQH,u2400389,,,u2400389@anu.edu.au,[MyTT] ComA/02 (Classes 7460/7511);[MyTT] LecB/01 (Classes 7460/7511);Lab 8 Option 1 (01) Wed Oct 11 16:00 - 18:00 (CSIT N115/N116),-,-,-,-,-,-,0.5,0.5,0.4,-,-,-,-,-,-,-,109.3,-,-,-,1710372716
SCBYMZ,LYBECS,u2400390,,,u2400390@anu.edu.au,[MyTT] ComA/15 (Classes 7460/7511);[MyTT] LecB/01 (Classes 7460/7511);Lab 8 Option 1 (02) Mon Oct 16 14:00 - 16:00 (HN 1.24),-,-,-,-,-,-,0.5,0.5,0.5,-,-,-,-,-,-,-,114.6,-,-,-,1710372716
PCFQQM,WKLNBA,u2400391,,,u2400391@anu.edu.au,[MyTT] LecB/01 (Classes 7460/7511);[MyTT] ComA/21 (Classes 7460/7511),-,-,-,-,-,-,0.5,0.4,0.5,-,-,-,-,-,-,-,112.6,-,-,-,1710372716
KZPSKK,EWXUNC,u2400392,,,u2400392@anu.edu.au,[MyTT] ComA/17 (Classes 7460/7511);[MyTT] LecB/01 (Classes 7460/7511),-,-,-,-,-,-,0.5,0.5,0.3,-,-,-,-,-,-,-,119.6,-,-,-,1710372716
CKFASL,VVAXQK,u2400393,,,u2400393@anu.edu.au,[MyTT] ComA/01 (Classes 7460/7511);[MyTT] LecB/01 (Classes 7460/7511),-,-,-,-,-,-,0.4,0.5,0.2,-,-,-,-,-,-,-,117.9,-,-,-,1710372716
FCNTWE,LXSZHI,u2400394,,,u2400394@anu.edu.au,[MyTT] ComA/17 (Classes 7460/7511);[MyTT] LecB/01 (Classes 7460/7511);Lab 8 Option 2 (02) Mon Oct 16 12:00 - 14:00 (HN 1.24),-,-,-,-,-,-,0.3,0.3,0.3,-,-,-,-,-,-,-,103.1,-,-,-,1710372716
FWRXGV,OPCGZK,u2400395,,,u2400395@anu.edu.au,[MyTT] LecB/01 (Classes 7460/7511);[MyTT] ComA/23 (Classes 7460/7511);Lab 8 Option 2 (02) Mon Oct 16 12:00 - 14:00 (HN 1.24),-,-,-,-,-,-,0.5,0.6,0.4,-,-,-,-,-,-,-,119.5,-,-,-,1710372716
FUMHLW,JECFLX,u2400396,,,u2400396@anu.edu.au,[MyTT] ComA/14 (Classes 7460/7511);[MyTT] LecB/01 (Classes 7460/7511),-,-,-,-,-,-,0.5,-,-,-,-,-,-,-,-,-,36.9,-,-,-,1710372716
KZMTCA,YKMSGM,u2400397,,,u2400397@anu.edu.au,[MyTT] ComA/01 (Classes 7460/7511);[MyTT] LecB/01 (Classes 7460/7511);Supplementary and Deferred Exam,-,-,-,-,-,-,0.5,-,0.4,-,-,-,-,-,-,-,107.6,-,-,-,1710372716
RCRZFE,DSRKLS,u2400398,,,u2400398@anu.edu.au,[MyTT] ComA/17 (Classes 7460/7511);[MyTT] LecB/01 (Classes 7460/7511),-,-,-,-,-,-,0.4,-,0.6,-,-,-,-,-,-,-,116.2,-,-,-,1710372716
WBOPTN,FECYIM,u2400399,,,u2400399@anu.edu.au,[MyTT] LecB/01 (Classes 7460/7511);[MyTT] ComA/21 (Classes 7460/7511);Lab 8 Option 2 (01) Tue Oct 10 8:00 - 10:00 (CSIT N115/N116);Lab 8 Option 2 (02) Mon Oct 16 12:00 - 14:00 (HN 1.24),-,-,-,-,-,-,0.4,0.5,0.4,-,-,-,-,-,-,-,116.2,-,-,-,1710372716
JKINVV,NZDBGP,u2400400,,,u2400400@anu.edu.au,[MyTT] ComA/08 (Classes 7460/7511);[MyTT] LecB/01 (Classes 7460/7511);Lab 8 Option 1 (01) Wed Oct 11 16:00 - 18:00 (CSIT N115/N116);Lab 8 Option 3 (01) Thu Oct 12 18:00 - 20:00 (HN 1.24),-,-,-,-,-,-,0.6,-,0.4,-,-,-,-,-,-,-,101.2,-,-,-,1710372716
NUAAJF,QNENNB,u2400401,,,u2400401@anu.edu.au,[MyTT] ComA/18 (Classes 7460/7511);[MyTT] LecB/01 (Classes 7460/7511);Lab 8 Option 2 (02) Mon Oct 16 12:00 - 14:00 (HN 1.24);Lab 8 Option 3 (02) Mon Oct 16 16:00 - 18:00 (HN 1.24),-,-,-,-,-,-,0.6,0.5,0.3,-,-,-,-,-,-,-,102,-,-,-,1710372716
CVRNSO,RHUYRL,u2400402,,,u2400402@anu.edu.au,[MyTT] LecB/01 (Classes 7460/7511);[MyTT] ComA/24 (Classes 7460/7511);Lab 8 Option 1 (02) Mon Oct 16 14:00 - 16:00 (HN 1.24);Supplementary and Deferred Exam,-,-,-,-,-,-,0.3,0.5,0.2,-,-,-,-,-,-,-,104.9,-,-,-,1710372716
GDCSOS,JAKSPN,u2400403,,,u2400403@anu.edu.au,[MyTT] ComA/06 (Classes 7460/7511);[MyTT] LecB/01 (Classes 7460/7511);Lab 8 Option 2 (02) Mon Oct 16 12:00 - 14:00 (HN 1.24),-,-,-,-,-,-,0.3,0.5,0.4,-,-,-,-,-,-,-,54.2,-,-,-,1710372716
LAPGHX,CPMIEG,u2400404,,,u2400404@anu.edu.au,[MyTT] ComA/17 (Classes 7460/7511);[MyTT] LecB/01 (Classes 7460/7511),-,-,-,-,-,-,-,-,-,-,-,-,-,-,-,-,117,-,-,-,1710372716
THJSUO,QWHYSC,u2400405,,,u2400405@anu.edu.au,[MyTT] ComA/01 (Classes 7460/7511);[MyTT] LecB/01 (Classes 7460/7511),-,-,-,-,-,-,0.5,0.5,0.6,-,-,-,-,-,-,-,112.6,-,-,-,1710372716
AHQBMP,AMMVRK,u2400406,,,u2400406@anu.edu.au,[MyTT] ComA/10 (Classes 7460/7511);[MyTT] LecB/01 (Classes 7460/7511),-,-,-,-,-,-,0.6,0.6,0.4,-,-,-,-,-,-,-,112.6,-,-,-,1710372716
FMRTYO,WEMIAO,u2400407,,,u2400407@anu.edu.au,[MyTT] ComA/02 (Classes 7460/7511);[MyTT] LecB/01 (Classes 7460/7511);Lab 8 Option 2 (01) Tue Oct 10 8:00 - 10:00 (CSIT N115/N116),-,-,-,-,-,-,0.3,0.5,-,-,-,-,-,-,-,-,58.1,-,-,-,1710372716
YPOSNY,TLBNZK,u2400408,,,u2400408@anu.edu.au,[MyTT] LecB/01 (Classes 7460/7511);[MyTT] ComA/24 (Classes 7460/7511),-,-,-,-,-,-,0.6,0.5,0.4,-,-,-,-,-,-,-,112.2,-,-,-,1710372716
OBKESS,KDBWXE,u2400409,,,u2400409@anu.edu.au,[MyTT] ComA/03 (Classes 7460/7511);[MyTT] LecB/01 (Classes 7460/7511);Supplementary and Deferred Exam,-,-,-,-,-,-,0.5,0.6,-,-,-,-,-,-,-,-,108.8,-,-,-,1710372716
BFMZTL,NABABE,u2400410,,,u2400410@anu.edu.au,[MyTT] ComA/17 (Classes 7460/7511);[MyTT] LecB/01 (Classes 7460/7511);Lab 8 Option 2 (01) Tue Oct 10 8:00 - 10:00 (CSIT N115/N116),-,-,-,-,-,-,-,0.5,-,-,-,-,-,-,-,-,109.5,-,-,-,1710372716
TSVEHF,OITZBZ,u2400411,,,u2400411@anu.edu.au,[MyTT] LecB/01 (Classes 7460/7511);[MyTT] ComA/23 (Classes 7460/7511);Lab 8 Option 1 (02) Mon Oct 16 14:00 - 16:00 (HN 1.24),-,-,-,-,-,-,0.4,0.4,0.3,-,-,-,-,-,-,-,103.8,-,-,-,1710372716
XEVNQS,CQNHDZ,u2400412,,,u2400412@anu.edu.au,[MyTT] ComA/12 (Classes 7460/7511);[MyTT] LecB/01 (Classes 7460/7511);Lab 8 Option 1 (02) Mon Oct 16 14:00 - 16:00 (HN 1.24),-,-,-,-,-,-,0.5,0.6,0.4,-,-,-,-,-,-,-,111.6,-,-,-,1710372716
NGZXEM,EHUDVK,u2400413,,,u2400413@anu.edu.au,[MyTT] LecB/01 (Classes 7460/7511);[MyTT] ComA/24 (Classes 7460/7511),-,-,-,-,-,-,0.5,0.5,0.5,-,-,-,-,-,-,-,102.7,-,-,-,1710372716
YZWZZJ,NENXHK,u2400414,,,u2400414@anu.edu.au,[MyTT] LecB/01 (Classes 7460/7511);[MyTT] ComA/21 (Classes 7460/7511);Lab 8 Option 3 (02) Mon Oct 16 16:00 - 18:00 (HN 1.24),-,-,-,-,-,-,-,0.3,0.4,-,-,-,-,-,-,-,108.3,-,-,-,1710372716
HMJJAU,EZUZLO,u2400415,,,u2400415@anu.edu.au,[MyTT] ComA/09 (Classes 7460/7511);[MyTT] LecB/01 (Classes 7460/7511),-,-,-,-,-,-,0.6,0.5,0.4,-,-,-,-,-,-,-,106.2,-,-,-,1710372716
DHTYOI,MZWGAW,u2400416,,,u2400416@anu.edu.au,[MyTT] ComA/13 (Classes 7460/7511);[MyTT] LecB/01 (Classes 7460/7511),-,-,-,-,-,-,0.4,0.4,0.5,-,-,-,-,-,-,-,116.4,-,-,-,1710372716
KFZLEF,CKKZRT,u2400417,,,u2400417@anu.edu.au,[MyTT] ComA/05 (Classes 7460/7511);[MyTT] LecB/01 (Classes 7460/7511);Supplementary and Deferred Exam,-,-,-,-,-,-,0.6,0.4,0.2,-,-,-,-,-,-,-,110.6,-,-,-,1710372716
KITBSK,HNQGWF,u2400418,,,u2400418@anu.edu.au,[MyTT] ComA/12 (Classes 7460/7511);[MyTT] LecB/01 (Classes 7460/7511);Lab 8 Option 2 (02) Mon Oct 16 12:00 - 14:00 (HN 1.24),-,-,-,-,-,-,0.4,0.5,0.3,-,-,-,-,-,-,-,112.7,-,-,-,1710372716
GSPNJL,YTZUNY,u2400419,,,u2400419@anu.edu.au,[MyTT] ComA/10 (Classes 7460/7511);[MyTT] LecB/01 (Classes 7460/7511);Supplementary and Deferred Exam,-,-,-,-,-,-,0.5,0.4,0.5,-,-,-,-,-,-,-,100.4,-,-,-,1710372716
AQGUIG,PSILZE,u2400420,,,u2400420@anu.edu.au,[MyTT] LecB/01 (Classes 7460/7511);[MyTT] ComA/21 (Classes 7460/7511);Lab 8 Option 3 (02) Mon Oct 16 16:00 - 18:00 (HN 1.24),-,-,-,-,-,-,0.5,0.6,0.5,-,-,-,-,-,-,-,111.1,-,-,-,1710372716
GRSRZP,UTFUKF,u2400421,,,u2400421@anu.edu.au,[MyTT] ComA/02 (Classes 7460/7511);[MyTT] LecB/01 (Classes 7460/7511);Lab 8 Option 3 (02) Mon Oct 16 16:00 - 18:00 (HN 1.24),-,-,-,-,-,-,0.5,0.5,0.2,-,-,-,-,-,-,-,103.2,-,-,-,1710372716
CAZMFF,GVBOOZ,u2400422,,,u2400422@anu.edu.au,[MyTT] ComA/01 (Classes 7460/7511);[MyTT] LecB/01 (Classes 7460/7511),-,-,-,-,-,-,0.3,0.4,0.4,-,-,-,-,-,-,-,101.5,-,-,-,1710372716
EIYRJA,KRHZNC,u2400423,,,u2400423@anu.edu.au,[MyTT] ComA/09 (Classes 7460/7511);[MyTT] LecB/01 (Classes 7460/7511),-,-,-,-,-,-,0.4,0.5,0.5,-,-,-,-,-,-,-,109.3,-,-,-,1710372716
TTNCKY,HLFDTR,u2400424,,,u2400424@anu.edu.au,[MyTT] ComA/20 (Classes 7460/7511);[MyTT] LecB/01 (Classes 7460/7511),-,-,-,-,-,-,-,-,0.5,-,-,-,-,-,-,-,37.3,-,-,-,1710372716
RJUEAC,KAGUSB,u2400425,,,u2400425@anu.edu.au,[MyTT] ComA/13 (Classes 7460/7511);[MyTT] LecB/01 (Classes 7460/7511),-,-,-,-,-,-,0.4,0.5,0.4,-,-,-,-,-,-,-,109.6,-,-,-,1710372717
WRHWHC,FWQRUR,u2400426,,,u2400426@anu.edu.au,[MyTT] LecB/01 (Classes 7460/7511);[MyTT] ComA/25 (Classes 7460/7511),-,-,-,-,-,-,0.3,0.5,0.2,-,-,-,-,-,-,-,-,-,-,-,1710372717
NMGIWP,DLDBEI,u2400427,,,u2400427@anu.edu.au,[MyTT] ComA/18 (Classes 7460/7511);[MyTT] LecB/01 (Classes 7460/7511),-,-,-,-,-,-,0.3,0.4,0.5,-,-,-,-,-,-,-,105.6,-,-,-,1710372717
LIRRNB,KYXKMB,u2400428,,,u2400428@anu.edu.au,[MyTT] ComA/15 (Classes 7460/7511);[MyTT] LecB/01 (Classes 7460/7511),-,-,-,-,-,-,-,0.6,0.5,-,-,-,-,-,-,-,117.7,-,-,-,1710372717
JQCISS,MRACVF,u2400429,,,u2400429@anu.edu.au,[MyTT] ComA/15 (Classes 7460/7511);[MyTT] LecB/01 (Classes 7460/7511),-,-,-,-,-,-,0.5,0.6,0.3,-,-,-,-,-,-,-,111.7,-,-,-,1710372717
ALPSTC,YCZBSL,u2400430,,,u2400430@anu.edu.au,[MyTT] ComA/13 (Classes 7460/7511);[MyTT] LecB/01 (Classes 7460/7511);Lab 8 Option 2 (01) Tue Oct 10 8:00 - 10:00 (CSIT N115/N116),-,-,-,-,-,-,-,-,-,-,-,-,-,-,-,-,51.7,-,-,-,1710372717
VXLUXU,GBGOFD,u2400431,,,u2400431@anu.edu.au,[MyTT] ComA/12 (Classes 7460/7511);[MyTT] LecB/01 (Classes 7460/7511),-,-,-,-,-,-,0.4,0.5,-,-,-,-,-,-,-,-,117.3,-,-,-,1710372717
VQBFWB,UGCRHN,u2400432,,,u2400432@anu.edu.au,[MyTT] ComA/03 (Classes 7460/7511);[MyTT] LecB/01 (Classes 7460/7511),-,-,-,-,-,-,-,0.6,-,-,-,-,-,-,-,-,-,-,-,-,1710372717
NTYBEM,KYPXFQ,u2400433,,,u2400433@anu.edu.au,[MyTT] ComA/01 (Classes 7460/7511);[MyTT] LecB/01 (Classes 7460/7511);Lab 8 Option 2 (01) Tue Oct 10 8:00 - 10:00 (CSIT N115/N116),-,-,-,-,-,-,0.3,0.5,0.5,-,-,-,-,-,-,-,108.3,-,-,-,1710372717
BHRMFR,GIYCWC,u2400434,,,u2400434@anu.edu.au,[MyTT] ComA/03 (Classes 7460/7511);[MyTT] LecB/01 (Classes 7460/7511),-,-,-,-,-,-,0.5,0.5,0.3,-,-,-,-,-,-,-,111.3,-,-,-,1710372717
FKPWXA,GVDDZW,u2400435,,,u2400435@anu.edu.au,[MyTT] ComA/19 (Classes 7460/7511);[MyTT] LecB/01 (Classes 7460/7511),-,-,-,-,-,-,-,0.5,0.3,-,-,-,-,-,-,-,104.7,-,-,-,1710372717
HQTACN,EMPIZV,u2400436,,,u2400436@anu.edu.au,[MyTT] ComA/06 (Classes 7460/7511);[MyTT] LecB/01 (Classes 7460/7511),-,-,-,-,-,-,0.4,0.5,0.5,-,-,-,-,-,-,-,100.8,-,-,-,1710372717
OCJKAV,IOWNVI,u2400437,,,u2400437@anu.edu.au,[MyTT] ComA/06 (Classes 7460/7511);[MyTT] LecB/01 (Classes 7460/7511);Supplementary and Deferred Exam,-,-,-,-,-,-,0.6,0.5,0.4,-,-,-,-,-,-,-,110.8,-,-,-,1710372717
HCMBGS,UWWVIR,u2400438,,,u2400438@anu.edu.au,[MyTT] ComA/01 (Classes 7460/7511);[MyTT] LecB/01 (Classes 7460/7511),-,-,-,-,-,-,0.2,0.5,0.6,-,-,-,-,-,-,-,104.2,-,-,-,1710372717
HOGYCA,OWZYCT,u2400439,,,u2400439@anu.edu.au,[MyTT] ComA/18 (Classes 7460/7511);[MyTT] LecB/01 (Classes 7460/7511),-,-,-,-,-,-,0.4,0.3,0.3,-,-,-,-,-,-,-,107.8,-,-,-,1710372717
CQFGWG,GPJETY,u2400440,,,u2400440@anu.edu.au,[MyTT] LecB/01 (Classes 7460/7511);[MyTT] ComA/25 (Classes 7460/7511),-,-,-,-,-,-,0.5,0.6,0.6,-,-,-,-,-,-,-,113.6,-,-,-,1710372717
BUDGYV,THFTOZ,u2400441,,,u2400441@anu.edu.au,[MyTT] ComA/16 (Classes 7460/7511);[MyTT] LecB/01 (Classes 7460/7511);Lab 8 Option 3 (01) Thu Oct 12 18:00 - 20:00 (HN 1.24),-,-,-,-,-,-,0.4,-,-,-,-,-,-,-,-,-,107.2,-,-,-,1710372717
FMBOEO,THQXSV,u2400442,,,u2400442@anu.edu.au,[MyTT] ComA/18 (Classes 7460/7511);[MyTT] LecB/01 (Classes 7460/7511);Lab 8 Option 3 (02) Mon Oct 16 16:00 - 18:00 (HN 1.24);Supplementary and Deferred Exam,-,-,-,-,-,-,0.5,0.5,0.5,-,-,-,-,-,-,-,115.8,-,-,-,1710372717
TELPQU,GDFOOF,u2400443,,,u2400443@anu.edu.au,[MyTT] LecB/01 (Classes 7460/7511);[MyTT] ComA/21 (Classes 7460/7511);Lab 8 Option 1 (02) Mon Oct 16 14:00 - 16:00 (HN 1.24),-,-,-,-,-,-,0.4,0.5,0.5,-,-,-,-,-,-,-,106.5,-,-,-,1710372717
IWRUVW,LLIWGZ,u2400444,,,u2400444@anu.edu.au,[MyTT] ComA/07 (Classes 7460/7511);[MyTT] LecB/01 (Classes 7460/7511),-,-,-,-,-,-,0.5,0.6,0.5,-,-,-,-,-,-,-,119,-,-,-,1710372717
QWRTEW,XIDTCN,u2400445,,,u2400445@anu.edu.au,[MyTT] ComA/07 (Classes 7460/7511);[MyTT] LecB/01 (Classes 7460/7511);Lab 8 Option 3 (02) Mon Oct 16 16:00 - 18:00 (HN 1.24),-,-,-,-,-,-,0.5,0.6,0.5,-,-,-,-,-,-,-,-,-,-,-,1710372717
JMWVQV,FIOBNJ,u2400446,,,u2400446@anu.edu.au,[MyTT] LecB/01 (Classes 7460/7511);[MyTT] ComA/24 (Classes 7460/7511);Lab 8 Option 1 (01) Wed Oct 11 16:00 - 18:00 (CSIT N115/N116),-,-,-,-,-,-,0.6,0.4,0.3,-,-,-,-,-,-,-,100.9,-,-,-,1710372717
EBDLYH,JPFRXE,u2400447,,,u2400447@anu.edu.au,[MyTT] ComA/07 (Classes 7460/7511);[MyTT] LecB/01 (Classes 7460/7511),-,-,-,-,-,-,0.5,0.6,0.3,-,-,-,-,-,-,-,105.7,-,-,-,1710372717
ANSZJX,DVYPQP,u2400448,,,u2400448@anu.edu.au,[MyTT] ComA/02 (Classes 7460/7511);[MyTT] LecB/01 (Classes 7460/7511),-,-,-,-,-,-,0.4,0.3,0.2,-,-,-,-,-,-,-,110.5,-,-,-,1710372717
OTZPAL,MAXTKZ,u2400449,,,u2400449@anu.edu.au,[MyTT] LecB/01 (Classes 7460/7511);[MyTT] ComA/23 (Classes 7460/7511),-,-,-,-,-,-,0.4,0.6,0.4,-,-,-,-,-,-,-,108.7,-,-,-,1710372717
MTTDTG,WYYTAJ,u2400450,,,u2400450@anu.edu.au,[MyTT] LecB/01 (Classes 7460/7511);[MyTT] ComA/24 (Classes 7460/7511);Lab 8 Option 1 (01) Wed Oct 11 16:00 - 18:00 (CSIT N115/N116);Lab 8 Option 2 (02) Mon Oct 16 12:00 - 14:00 (HN 1.24),-,-,-,-,-,-,0.5,0.6,0.4,-,-,-,-,-,-,-,110.7,-,-,-,1710372717
HCPYED,QURTSX,u2400451,,,u2400451@anu.edu.au,[MyTT] ComA/13 (Classes 7460/7511);[MyTT] LecB/01 (Classes 7460/7511);Lab 8 Option 3 (02) Mon Oct 16 16:00 - 18:00 (HN 1.24),-,-,-,-,-,-,0.4,0.5,0.4,-,-,-,-,-,-,-,106.4,-,-,-,1710372717
YVOSFZ,EOHSTL,u2400452,,,u2400452@anu.edu.au,[MyTT] LecB/01 (Classes 7460/7511);[MyTT] ComA/21 (Classes 7460/7511),-,-,-,-,-,-,0.5,0.6,0.4,-,-,-,-,-,-,-,112.8,-,-,-,1710372717
LHNEDM,CLFVVO,u2400453,,,u2400453@anu.edu.au,[MyTT] ComA/07 (Classes 7460/7511);[MyTT] LecB/01 (Classes 7460/7511);Lab 8 Option 2 (01) Tue Oct 10 8:00 - 10:00 (CSIT N115/N116),-,-,-,-,-,-,0.3,0.6,-,-,-,-,-,-,-,-,114,-,-,-,1710372717
GKGWYB,JKUXHF,u2400454,,,u2400454@anu.edu.au,[MyTT] ComA/01 (Classes 7460/7511);[MyTT] LecB/01 (Classes 7460/7511);Supplementary and Deferred Exam,-,-,-,-,-,-,0.6,0.5,0.3,-,-,-,-,-,-,-,112.7,-,-,-,1710372717
ROVZSS,GCDNWV,u2400455,,,u2400455@anu.edu.au,[MyTT] ComA/15 (Classes 7460/7511);[MyTT] LecB/01 (Classes 7460/7511),-,-,-,-,-,-,-,0.3,-,-,-,-,-,-,-,-,-,-,-,-,1710372717
GFBXJX,BBAUWV,u2400456,,,u2400456@anu.edu.au,[MyTT] ComA/01 (Classes 7460/7511);[MyTT] LecB/01 (Classes 7460/7511),-,-,-,-,-,-,0.5,0.5,0.5,-,-,-,-,-,-,-,107.1,-,-,-,1710372717
SJGNBS,MKWOQZ,u2400457,,,u2400457@anu.edu.au,[MyTT] LecB/01 (Classes 7460/7511);[MyTT] ComA/21 (Classes 7460/7511),-,-,-,-,-,-,0.4,0.6,0.4,-,-,-,-,-,-,-,108.3,-,-,-,1710372717
NPFPSS,FUBRRH,u2400458,,,u2400458@anu.edu.au,[MyTT] ComA/01 (Classes 7460/7511);[MyTT] LecB/01 (Classes 7460/7511),-,-,-,-,-,-,-,-,-,-,-,-,-,-,-,-,-,-,-,-,1710372717
HFTDEO,QTYVXU,u2400459,,,u2400459@anu.edu.au,[MyTT] ComA/06 (Classes 7460/7511);[MyTT] LecB/01 (Classes 7460/7511),-,-,-,-,-,-,-,0.5,0.4,-,-,-,-,-,-,-,101.6,-,-,-,1710372717
KYKCBW,FHJVDU,u2400460,,,u2400460@anu.edu.au,[MyTT] ComA/13 (Classes 7460/7511);[MyTT] LecB/01 (Classes 7460/7511);Lab 8 Option 3 (01) Thu Oct 12 18:00 - 20:00 (HN 1.24);Supplementary and Deferred Exam,-,-,-,-,-,-,0.5,0.6,0.3,-,-,-,-,-,-,-,113.7,-,-,-,1710372717
VRYSWG,RCTDXR,u2400461,,,u2400461@anu.edu.au,[MyTT] ComA/17 (Classes 7460/7511);[MyTT] LecB/01 (Classes 7460/7511);Lab 8 Option 3 (02) Mon Oct 16 16:00 - 18:00 (HN 1.24),-,-,-,-,-,-,0.3,0.4,0.6,-,-,-,-,-,-,-,114.1,-,-,-,1710372717
IMSCUQ,RVEUBE,u2400462,,,u2400462@anu.edu.au,[MyTT] ComA/02 (Classes 7460/7511);[MyTT] LecB/01 (Classes 7460/7511);Lab 8 Option 2 (02) Mon Oct 16 12:00 - 14:00 (HN 1.24);Lab 8 Option 3 (02) Mon Oct 16 16:00 - 18:00 (HN 1.24),-,-,-,-,-,-,0.5,0.4,0.4,-,-,-,-,-,-,-,114.8,-,-,-,1710372717
WTGGFC,CMBNJD,u2400463,,,u2400463@anu.edu.au,[MyTT] LecB/01 (Classes 7460/7511);[MyTT] ComA/01 (Classes 7460/7511),-,-,-,-,-,-,0.5,0.5,0.5,-,-,-,-,-,-,-,114.7,-,-,-,1710372717
SBWQNK,JVVDNB,u2400464,,,u2400464@anu.edu.au,[MyTT] ComA/01 (Classes 7460/7511);[MyTT] LecB/01 (Classes 7460/7511);Lab 8 Option 1 (02) Mon Oct 16 14:00 - 16:00 (HN 1.24),-,-,-,-,-,-,-,-,-,-,-,-,-,-,-,-,55.8,-,-,-,1710372717
SULGNG,WBKIUQ,u2400465,,,u2400465@anu.edu.au,[MyTT] ComA/16 (Classes 7460/7511);[MyTT] LecB/01 (Classes 7460/7511),-,-,-,-,-,-,0.6,0.4,-,-,-,-,-,-,-,-,119.2,-,-,-,1710372717
YGRFLS,NDNENW,u2400466,,,u2400466@anu.edu.au,[MyTT] ComA/19 (Classes 7460/7511);[MyTT] LecB/01 (Classes 7460/7511);Lab 8 Option 3 (01) Thu Oct 12 18:00 - 20:00 (HN 1.24);Lab 8 Option 3 (02) Mon Oct 16 16:00 - 18:00 (HN 1.24),-,-,-,-,-,-,0.4,0.6,0.3,-,-,-,-,-,-,-,103.4,-,-,-,1710372717
PIQTUR,NFPBHL,u2400467,,,u2400467@anu.edu.au,[MyTT] ComA/13 (Classes 7460/7511);[MyTT] LecB/01 (Classes 7460/7511),-,-,-,-,-,-,-,-,-,-,-,-,-,-,-,-,-,-,-,-,1710372717
SSSHAL,TCOPEX,u2400468,,,u2400468@anu.edu.au,[MyTT] ComA/05 (Classes 7460/7511);[MyTT] LecB/01 (Classes 7460/7511),-,-,-,-,-,-,-,-,-,-,-,-,-,-,-,-,103.3,-,-,-,1710372717
WQKRNJ,DBPYLF,u2400469,,,u2400469@anu.edu.au,[MyTT] LecB/01 (Classes 7460/7511);[MyTT] ComA/25 (Classes 7460/7511),-,-,-,-,-,-,0.4,-,0.5,-,-,-,-,-,-,-,100.8,-,-,-,1710372717
MQMTGQ,JCBVWA,u2400470,,,u2400470@anu.edu.au,[MyTT] ComA/13 (Classes 7460/7511);[MyTT] LecB/01 (Classes 7460/7511),-,-,-,-,-,-,0.5,0.5,0.3,-,-,-,-,-,-,-,115,-,-,-,1710372717
FNSNVF,ARBVFC,u2400471,,,u2400471@anu.edu.au,[MyTT] ComA/15 (Classes 7460/7511);[MyTT] LecB/01 (Classes 7460/7511);Lab 8 Option 3 (02) Mon Oct 16 16:00 - 18:00 (HN 1.24),-,-,-,-,-,-,0.6,0.6,0.6,-,-,-,-,-,-,-,58.9,-,-,-,1710372717
OATASM,YBRYPI,u2400472,,,u2400472@anu.edu.au,[MyTT] ComA/12 (Classes 7460/7511);[MyTT] LecB/01 (Classes 7460/7511),-,-,-,-,-,-,-,0.5,-,-,-,-,-,-,-,-,115.2,-,-,-,1710372717
GCACME,AODCDO,u2400473,,,u2400473@anu.edu.au,[MyTT] LecB/01 (Classes 7460/7511);[MyTT] ComA/23 (Classes 7460/7511),-,-,-,-,-,-,0.3,0.4,0.2,-,-,-,-,-,-,-,108.2,-,-,-,1710372717
FVGOOD,MPLQUH,u2400474,,,u2400474@anu.edu.au,[MyTT] LecB/01 (Classes 7460/7511);[MyTT] ComA/22 (Classes 7460/7511),-,-,-,-,-,-,0.5,-,0.3,-,-,-,-,-,-,-,68.3,-,-,-,1710372717
WYQFJC,YINEDD,u2400475,,,u2400475@anu.edu.au,[MyTT] LecB/01 (Classes 7460/7511);[MyTT] ComA/21 (Classes 7460/7511),-,-,-,-,-,-,-,0.5,-,-,-,-,-,-,-,-,114.5,-,-,-,1710372717
JUEXEU,RNFEJD,u2400476,,,u2400476@anu.edu.au,[MyTT] ComA/14 (Classes 7460/7511);[MyTT] LecB/01 (Classes 7460/7511),-,-,-,-,-,-,0.4,0.5,0.6,-,-,-,-,-,-,-,106.5,-,-,-,1710372717
RWHXPR,QUKMRX,u2400477,,,u2400477@anu.edu.au,[MyTT] ComA/03 (Classes 7460/7511);[MyTT] LecB/01 (Classes 7460/7511);Lab 8 Option 2 (02) Mon Oct 16 12:00 - 14:00 (HN 1.24),-,-,-,-,-,-,0.5,0.6,0.3,-,-,-,-,-,-,-,109,-,-,-,1710372717
KEOJSX,QVLYXK,u2400478,,,u2400478@anu.edu.au,[MyTT] ComA/06 (Classes 7460/7511);[MyTT] LecB/01 (Classes 7460/7511),-,-,-,-,-,-,0.2,0.6,-,-,-,-,-,-,-,-,108.4,-,-,-,1710372717
LTSFYI,PQFYQG,u2400479,,,u2400479@anu.edu.au,[MyTT] LecB/01 (Classes 7460/7511);[MyTT] ComA/24 (Classes 7460/7511),-,-,-,-,-,-,0.5,0.5,0.5,-,-,-,-,-,-,-,108.9,-,-,-,1710372717
XGKPIC,VVKRPJ,u2400480,,,u2400480@anu.edu.au,[MyTT] ComA/05 (Classes 7460/7511);[MyTT] LecB/01 (Classes 7460/7511);Lab 8 Option 1 (01) Wed Oct 11 16:00 - 18:00 (CSIT N115/N116),-,-,-,-,-,-,0.5,0.4,0,-,-,-,-,-,-,-,107.7,-,-,-,1710372717
LDLYAP,JXSGFF,u2400481,,,u2400481@anu.edu.au,[MyTT] ComA/09 (Classes 7460/7511);[MyTT] LecB/01 (Classes 7460/7511);Supplementary and Deferred Exam,-,-,-,-,-,-,-,-,-,-,-,-,-,-,-,-,-,-,-,-,1710372717
TNFYNJ,OKLWRA,u2400482,,,u2400482@anu.edu.au,[MyTT] ComA/10 (Classes 7460/7511);[MyTT] LecB/01 (Classes 7460/7511),-,-,-,-,-,-,0.3,0.5,0.4,-,-,-,-,-,-,-,112.9,-,-,-,1710372717
FCMBKW,FBYXZT,u2400483,,,u2400483@anu.edu.au,[MyTT] ComA/07 (Classes 7460/7511);[MyTT] LecB/01 (Classes 7460/7511),-,-,-,-,-,-,0.2,0.3,0.5,-,-,-,-,-,-,-,112.1,-,-,-,1710372717
QVZVRJ,SJDBIG,u2400484,,,u2400484@anu.edu.au,[MyTT] ComA/08 (Classes 7460/7511);[MyTT] LecB/01 (Classes 7460/7511),-,-,-,-,-,-,-,0.6,-,-,-,-,-,-,-,-,106.3,-,-,-,1710372717